text,discurso_de_odio,ataque_individual
Que voz insuportável tinha que ser mulher,1,1
"USER USER Pq se ofendeu com isso?! Vc é viadinho mesmo podeira ter reclamado de eu ter complementado com ""de merda""" bando de viado doente ,1,1
não ame o seu idolo porra vc ama piru porra. esses viado sujo,1,1
Que horror vc muiito gorda é feio mesmo essa geyzada ta fd,1,1
"ARTHUR DESGRAÇADO!!!! HASHTAG Tá falando que o jogo é individual e pipipopo, vitimas, vítimas, vítimas. Os mofados aqui fora lixo igual mesmo coisa de esquedista",1,1
Meu USER mas eu tô para ver uma pessoa Cara de Pau igual esse sujeito petista lixo,1,1
caralho que psicologia — né mano tomei uma dura só por ser babaca online vê se pode cara imbecil viu .abre o olho seus viado o porrete ainda existe ,1,1
Babaca demais esse Flávio Prado🤬 mais um desses bolsonarista nojento,1,1
Ele merece morre 😡 e essa pessoa que meteu a faca nele fez o certo e nem adianta vir chamar de petista. O probllema ta nos bolsonaristas burros não tem jeito.,1,1
"USER ridícula essa menina slc, tinha que ser gorda. Isso é abuso . Se fosse um homem gritando com todo mundo , era homofobia . E isso , o que é 🤔",1,1
rt USER aí mano que ridículo ficar roubando coisa dos outros né?! consciência de psycho essa daí...esses nordestino saão foda viu,1,1
Animal… vc acha que quem está por trás disso está preocupado com seus problemas???essa geyzada ta cada vez mais burra,1,1
Essas mulher sei n viu mas sim USER eu to zoando vc sua mulher mongoloide,1,1
USER USER temos culpa se vc e uma idiota da midia...mais uma esquerdista nojenta USER',1,1                                                                  
Ele diz que errou na forma que defendeu e não que mudou o pensamento enfim ele é um bosta assim como todo viado que apoia ele,1,1
"RT USER: USER USER USER Tá passando pano sim querida, deram espaço pra essa merda aí e ainda deram capital…agora aguenta negralha",1,1
"Que merda, cara! Que ideia mais estupida foi essa do Monark, velho? O flow nunca mais será o mesmo. O cara tem que ser muito burro, e se vc concorda vcs concordam vão todos tomarnocu seus viados",1,1
"USER USER USER GABRIEL ME ERRA SEU FUDIDO, gays sebosos sei nao viu",1,1
"essa geyzada ta fd, USER e vc é um deles né seu bosta do krlh",1,1
esse é o nosso presidente kkkk ta mais e USER na hora desse maluco sair do poder,0,1
USER TRAZ A INSULINA Q O GORDOLA CAIU DA CAMA,0,1
USER Cala a boca vagabundo lixo...esquerdista de merda...defensor de bandido.,0,1
USER Basta errar o pronome pra essa puta aí voltar a dropar uma cartela de antidepressivo por semana. Não vou sair de casa pra votar em quem tem relação com empresário safado que quer taxar o coitado que faz pequenas compras no exterior(eu).,0,1
"USER li alguns de seus comentarios e contatei USER eh muito otaria porra se USER USER gosta da critica dele USER assiste se USER acha que o certo eh vive se iludindo que vai axa um principe encantado esquecendo da vida viva essa sua vidinha escrota se USER USER faiz entao um video falando bem de crepusculo USER era melhor USER fala q era gorda pq falando que USER eh parece que USER esta desperdiçando mais a sua vida, USER2 USER ve o felipe USER chingando quem fala mal de harry USER pq ele gost",0,1
vou é dormir esses dois tempos de matemática slk velho chato fdp fala muito smt seu cachorro,0,1
Vai se foder seu burro cada analfabeto mano.,0,1
neguin ta com o cu na mao USER,0,1
"Seu cuzao mané, geral me ignorando no bgl",0,1
"USER ""Vá pro quintos dos Infernos, seu FDP...!"" É de coração.",0,1
essa menina é uma arrombada e tem gnt q da palco ainda,0,1
USER não passa de um drogado que só fala bosta e agora podemos ver que ele aprova o nazismo...,0,1
Esse cara é mais mulher que a mulher...gaydmskkkkk,0,1
"tô de saco cheio disso, mostro as tatuagens bem feliz da vida e ela solta um “tá e agr chega né?” chega o cacete, eu vou ser a sobrinha q tu não desejava porra, n sou a garota que tu queria q eu fosse, que tu fazia vestir rosa da cabeça aos pés, que não retruca e os caramba.. velha chata da porra",0,1
USER USER Negacionista ratazana vermelha.Mariopol foi toda arrasada ja nao existe..assassinos.de mulheres crianças idosos.é a escoria do mundo.Negacionista vc é  a merda no mundo,0,1
"""Cala boca viadooo"" huahuahua",0,1
Mds que mulher chata vo votar pra ela sair mano,0,1
USER Gabigol melhor da a bunda para entretenimento! 🤩,0,1
"USER! O argumento desse Monark é o uso da palavra ""M3rda""... e só., o cara não tem condições. estúpido",0,1
"USER USER. Eles já tem muitos clientes. USER não vai fazer falta não 😔. Na verdade, tirando uma pessoa tão agressiva e inútil como você, os clientes seriam apenas mais atraídos para a loja",0,1
RT USER: Kkkkk que otario este capitao ze cueca kkkkkk URL,0,1
fala do presidente genocida de nazista e ninguem fala nada o monark falou merda mas e USER USER fala e não da nada hipócrita vc viu,0,1
USER louis come a buceta dela logo ninguém aguenta mais ou vc é gay????,0,1
"RT USER: Senador miliciano, vagabundo, ladrão da rachadinha, mentiroso, como esse aí não perco tempo! HASHTAG Fonte d…",0,1
USER pqp e o caba burro ainda compactua c isso,0,1
"USER fala muita merda, era questão de tempo ele fazer algo do tipo! USER devia ter previsto isso... USER tem apenas idade de um adulto, é um cara desconstruido e imaturo.",0,1
"eu sei onde tu mora, vou arrancar os teus cabelo do rabo, amor",0,1
"Doente esse cara,",0,1
"USER USER USER Cê tá espumando num negócio que não muda nada na sua vida, vá pra puta que te pariu mermao",0,1
"USER CHATO PQP... foi USER que compraram a roupa dela por acaso? para de dar palpite aonde USER foram chamdos gente!!! plmds vagabunda tem uma louça pra lavar? um chao pra varrer? a menina independente de tudo, ela ta indo pra reuniao da FILHA USER, USER é a sua.. e USER tem essa de ""padrao"" a pessoa vai do jeito q quiser! se USER tinha uma placa avisando ""tem roupas que USER podem usar para entrar em uma reuniao"" ME USER USER USER",0,1
"USER Não dá nem pra chamar esse ladrão de doente pois a psicopatia não é doença. Queria ver esse fdp na rua...mas é covarde e sabe que é repudiado pela nação brasileira, da mesma forma que tu, Humberto Costa!",0,1
vc é um trouxa,0,1
USER Jaja que esse gordo HDP,0,1
"Sinto pelo Igor muito interessante a parte dele nos programas, mas, o USER e poliglota, fala o português e várias outras merdas, infelizmente pagou o preço.",0,1
Ela e Rainha da aguás crlh. Mãezinha e teu Cu. E Mãe porra,0,1
"na minha opinião, sem o imbecil metido a entendido, o programa enfim se tornará ""palatavel"". bora lá ser relevante (de verdade), USER USER???",0,1
"Lula: “não tenho raiva, mas não me peçam para esquecer a putaria que fizeram comigo” URL",0,1
Menina chata do krl vai se fuder sua arrombada do krl vc estragou tudo,0,1
"No final a única que foi prejudicada mesmo, foi a própria USER, os vagabundos já estão felizes e transando! USER",0,1
"RT USER: USER O velho senil foi lá, disse um monte de blá, blá, blá, e depois se mandou deixando todos os patetas pendurad…",0,1
Quem é essa louca ai gritando? Desiquilibrada pra q tdo isso? Logo essa doida vai fzr besteira é óbvio mto desiquilibrada record tem q escolher melhor selecionar mto USER quem bota no realiteUSER fica a dica,0,1
USER acordou dpois de 2 dias foi passar mal por causa do pesadelo Ah vá próxima a sair dramática pra caramba mentirosa,0,1
"sempre trataram o monark como criança, so esqueceram que pras criança a gente n leva a serio, cara é adulto, tem que se responsabilizar pelas merdas que fala mesmo, USER força ao programa, que vcs arrumem alguem melhor que aquele noiado.",0,1
caraio eu so burra eu tenho o MEU IRMÃO q eh tipo uma josi sem diploma (poxa henrique trancou o curso no último ano isso q da ser macoero) p me explica as coisa vivaaaaaaaa,0,1
"pais da desgraça , USER os pais a outra o filho e ganha direito , essa mísera tinha que mofár na cadeia porra ...",0,1
Que bosta! Zuado,0,1
Que mulher loucaa da porra,0,1*
quem que é sair em munda acha que é para tá falando para o pessoal ter peito para encarar é uma bosta dessa ela tá precisando protegida pela Record isso mesmo que imundície que nojo,0,1
Ai aonde a tua maconha te levou KKKkKkkK,0,1
a velha doida p sentir o cacete d molon URL,0,1
minho corno faz muuuuuu URL,0,1
"que convidado chato cara, insuportável, fala demais...",0,1
"nossa que ódio do Arthur se fazendo de coitado e falando que botando ele no paredão não sei como ninguém soltou um ""ai vai tomar no cu"" quando ele começou a falar pq sinceramente",0,1
"Você é a favor da liberdade de expressão Felipe USER? USER. É liberdade de expressão chamar o presidente de genocida, Felipe USER!? USER. É liberdade de expressão achar errado um casal homossexual, Felipe USER!? -Também não é assim, né! É liberdade de expressão dizer q deveria existir um partido nazista, Felipe USER!? -GILMAR USER, USER USER USER USER USER, PRENUSER ESSE USER USER!",0,1
"O Professor foi a melhor parte deste vídeo. E ele se refere 99% do tempo ao Igor, tamanho (eu imagino) o descontentamento em dividir a mesa com um energúmeno, ignorante, irresponsável e de falas antissemitas, racistas e criminosas como esse ex-sócio do canto. Não tenho palavras suaves para me referir e ele. Doeu no bolso e a mudança veio a galope. Ainda bem. Sorte e bom senso aos que ficam. Mais discernimento aos que vão. Paz.",0,1
"USER humilhou com argumentos, enquanto ela só falava merda.",0,1
cala a boca vizinha,0,1
USER voce nao sabe ler o burro do caralho????? eu literalmente DISSE que falei com OUTRA pessoa. não é que eu não quero resposta eu não quero é um insuportável plantado nas minhas mentions que nem você seu lixo,0,1
Ele é um mentiroso e ladrão,0,1
"Ele não reconheceu que errou. Está dizendo quw as pessoas entenderam errado. USER arrogante. Vai continuar fazendo as ""coisinhas dele"" e falando asneira. Nojo.",0,1
USER ent vai a merda,0,1
"USER só é burro, daria um pescotapa na hora que ele estava querendo passar pano pra nazi. Mas é pela ignorância e liberdade irrestrita que o USER propaga, USER nunca foi Anarquismo... USER, Espero que você aprenda com seus erros, paz na vida e deixe de besteira!",0,1
RT USER: USER 🙌👊👍👌👋💯👏🙏 Bravo bravo bravo! Ese sujeto psicópata que invade PALACIO se debe poner en su lugar!!El no es n…,0,1
Que presidente louco,0,1
USER é uma piada mesmo. O cara vira herói pelo simples fato de ter trans4do no meio da rua.,0,1
Então a doida muie do bombado era acostumada a devorar mindingles na rua 😂😂😂😂😂😂😂😂😂😂😂😂😂🤡🤡🤡🤡🤡🤡🤡🤡🤡 e USER,0,1
"USER Vc é PODRE Felipe. Sempre te acompanhei e sei q o não faz sentido nunca foi um personagem, e sim oq vc mostra ser hoje, esse cara bonzinho. Mas a cada dia essa máscara cai, quando vc postava fique em casa e foi jogar bola e agora essa merda que vc fez com a Bruna. Vc é uma fraude",0,1
"USER Chorou tanto. Falou que foi perseguido pra agora vir com essa? Vc teve a chance de se mostrar alguém descente, mas não só cagou hipocrisia. Quando Moro foi perguntado do seu caso, não te pré-julgou, nem postou nada sobre o caso, diante de tudo isso 0% de chances de ter meu voto.",0,1
USER..tomara USER paguem pela entrevista ao mano de rua USER....pq oq tem de neguin ganhando like e a porra toda em cima do cara não é brincadeira,0,1
"Porque este presidente de araque não se candidata a cobaia, para testar novas vacinas, pelo menos ela vai poder dizer que fez alguma coisa. USER USER, quanta ignorância, não cabe nesse país. Prefiro os bichos.",0,1
USER não tenho mais papai só um doente sei bolar me dá essas blunt vagabunda e reclama,0,1
USER Eu tô sou lixo mesmo kkkk,0,1
to muito nervosa pq aquele cara parece q é retardado falando do meu sotaque,0,1
"Eu duvidava USER me tratar assim, eu colocava ela no lugar dela na hoooooora, simplesmente eu já começava dizendo( procure na casa um espelho extra gigante que dê pra vc se ver e dai vc me diz de quando vc manda em algo aqui ou em alguém sua ridícula) Ôooooooooo bando de gente besta com medo desse tambor.",0,1
USER USER USER Encore un mongoloïde troll cancer,0,1
"Grande palerma que me fez cancelar a inscrição no canal, inclusive do vênus, há meses. Pra mim ele tem algum tipo de doença similar a uma esquizofrenia leve, que o faz criar versões fantasiosas da realidade.",0,1
Enche o c USER de má USER USER. E vem falar merda pra cá 🎶🎶 😂,0,1
USER pois supere seu fudido do caralho,0,1
Sua feia,0,1
USER Ladrão desgracado dos infernos. Voce é um câncer que faz mal ao pais. URL,0,1
USER que o bolsonarismo chocou essas serpentes e precisa ser extirpado.,0,1
Esse USER é podre mesmo viu vai tomar no c***.....,0,1
É foda ver como uma unica pessoa idiota consegue estragar tudo com ideias tão estúpidas.,0,1
USER ai caio vai se fuder,0,1
USER!!! Concordo plenamente! Esse tal de 'USER' é mais uma babaquice da indústria cultural para fazer as gerações de jovens se refugiarem em suas fantasias contra um mundo caótico que eles acabam ajudando a recriar. 'USER' é um convite à esquizoidia.,0,1
USER Prostituto vagabundo n vale nada,0,1
USER errou sim mas é o único que está sofrendo grandes represálias Brasil é uma vergonha atacam quem eles querem,0,1
Nossa nada me tira que aquele ex da jade o j*** g é uma bixona e ainda se veste igual uma,0,1
como eu consigo ser tão trouxa,0,1
"USER falso. Nao ajuda o Brasil. Ganha muito para soltar bandido, nao é USER?",0,1
"O objetivo desse pleito é retirar um homem corrupto, desequilibrado, mentiroso, alimentado pelo caos social, metido com pilantras, família envolvida em transações espúrias... É uma eleição diferente. Não se pode viver nessa esquizofrenia social do bolsonarismo. Chega de utopias.",0,1
vai cagar você tem que tomar vergonha na cara porque é só um filme e você nunca viu um vampiro de verdade pois eles não existem então por isso ela pode inventar o que ela quiser,0,1
"Um lixo, espero que saqueiem todas as lojas. Puxa saco sem vergonha, de um presidente cretino. Foda-se",0,1
USER Seu cú criança arrombada do crl procura amadurecer a mente se é que é possível deixa a vida dos outros e vai cuidar da sua se é que vc tem,0,1
USER USER USER O Bolsonaro é ladrão silencioso esta roubando do povo e ainda tem trouxa que apoia esse presidente fdp ladrão corrupto! Ele prometeu em 2018 que ia fazer tudo para o povo em 3 anos de governo só fez um terço do prometido não chegou nem 50% enganou os bobinhos que votou nele!,0,1
RT USER: Vcs candidatos têm a responsabilidade de destruir esse demonío do bolsonaro na eleição... Vcs têm que destruir esse desgra…,0,1
rt USER muito tesão quando o passivinho tá de pau bem duro assim! 🔥🔥🔥 URL,0,1
"Pô mano, o quão ignorante e cego com os fatos tu precisa ser pra apoiar um verme desses depois de tanta merda que ele fez/falou??? Tu tem que gostar de ser mau caráter, ter fetiche sei lá URL",0,1
"Parabéns USER, adorei imenso. ""Fodeu tudo mesmo!"" 10/5*",0,1
NAMORADO OTARIO ME ODEIA PQ SOU GRUDENTO,0,1
"e olha que eu gosto muito dele, tenho até a peita dele rsrs, mas ta ridiculo faz tempo",0,1
"USER E vc pensa em alguém? Ah, vai te fuder.",0,1
RT USER: USER USER - disse o maior corno do tt,0,1
USER você é Diabólico seu doente,0,1
USER é USER mané é mané pode crê que é 😂😂😂😂😂😂,0,1
"A bella se encanta com esse jeito protetor dele e se rende! Mas USER nunca vai entender isUSER por que simplesmente USER eh o tipico cara do seculo XXI, que USER quer comer e foda-se se a garota gosta de USER de verdade! Voce USER USER, é o pior tipo de filha da puta que existe: o tipo que acha que USER por que USER nao gosta de algo precisa expor isUSER ao mundo para que todos sejam como gravadores repetindo as mesmas coisas pra que USER se sinta melhor no seu lugar vazio!! (USER coment)",0,1
USER Bem sapatão de porcelana,0,1
"Esse Arthur é um cretino né. Não ajudou o cara, ficou com cara de bunda. Agora que o PA ganhou : "" aí posso fazer a consagração..."" HASHTAG PREGUICA GIGANTESCA DELE.",0,1
"USER é aquele cara que quer saber de tudo, mas não sabe de porra nenhuma rsrs",0,1
"ata, tua acha que é só ir ali e falar ""Ae USER, me dá uma aema aí""? vai estudar garoto. deixa de ser ridículo",0,1
Moro safado,0,1
"o fdp foi embora e levou toda minha motivação pra viver, seu vagabundo desgraçado, quando eu te ver na rua arrombado tu vai descer pro inferno junto cmg",0,1
"Um retardado se mata de beber, aí depois tentam proibir todo o resto de beber tb URL",0,1
"USER Verdade, te achei, e olha que nem precisei cavar, cretina! Hahahaha",0,1
USER Pelo menos não foi esse gordo de novo URL,0,1
Até parece que esse idiota vai triscar no livro 📖!!!!!!!!!!,0,1
"USER USER USER USER USER USER USER USER USER USER USER USER USER você é a última pessoa do mundo que pode falar sobre educação, seu arrombado.",0,1
USER E o maior ladrão do mundo representa o que?,0,1
"""USER ""bandido bom é bandido morto"" *Bolsonaro é esfaqueado* USER do Bolsonaro : *Ninguém* merece a morte. Quem defende a morte do próximo são vocês!",0,1
"USER precisa bloquear não, ele é só mais um baitola inrustido que ou não quer ou não pode sair do armario... trate o gayzinho com carinho só pra fazer raiva nele mesmo",0,1
USER Um canalha,0,1
"Realmente estamos no limite, o USER vai de mal a pior, com tudo que essa aberraçao bozonazi o presidente mais estúpido da história , vem fazendo. USER USER",0,1
USER = LIXOOOOOOOOOOOOOOO !!!!!!!,0,1
o facada mal dada.esse lixo,0,1
Meu USER que isso que roupa é essa minha irma aff ridicula sem comentario.,0,1
Na verdade ela não deixou ele sem palavras ela foi chata pra KRL não tinha argumentos contra uma realidade que a educação nesse país realmente está uma BOSTA e acha que saiu vitoriosa é tipo aquele porra de muleque que quando eu era criança falava que a bola de capotao era dele e ninguém mais jogava mina escrota dos infernos....,0,1
"Repúdio, lixo",0,1
USER Bolsonaro tá cagando pra aquela porcaria se toca idiota.,0,1
"USER USER USER Deus me livre ,tem que se fuder um cara que paga cara nisso aí,boné de chapeiro",0,1
Visivelmente o cara está nervoso de estar ali diante desse imbecil do monstro do monark,0,1
USER seu safado. Deixe as crianças em paz!,0,1
"Acho que a USER tem razão em chamar atenção do Biel sim pq ele é um folgado, mas a USER é muito barraqueira muito estúpida sai palavrão a cada segundo da boca dela e é muito barraqueira credo... Pra que ser barraqueira desse jeito coisa feia",0,1
Apanhou foi é pouco olha quanta asneiras esse cara falou c tá loco,0,1
caraca como esse sujeito é burro. USER,0,1
USER USER USER ate pq todo mundo tem uma bunda daquele tamanho ne sua desgraçada,0,1
"USER Outro velho broxa mentindo 🤡 esse vídeo tem 5 anos, é de 2017. URL",0,1
Que homem safado tadinho do Bolsonaro,0,1
Um dedo quente naquela bunda gelada !! kkkkkkkkkkkkkkkkkkkkkkkkkkkkkkkkkkkkkk Vc é um viadinho mesmo !!,0,1
Mulher folgada eu mandava tnc e nao levantava,0,1
Puro lixo,0,1
USER USER some daqui seu pau no cu,0,1
"●MINUUSERGEM MELHORES MOMENTOS DA TREUSER USER X BIEL: 3:31 USER vai à luta USER Então senhor USER levante para pegar água porque aqui vc não está de hóspede não! 4:46 USER tem até medo de chegar perto da fera kk 5:04 o auge kkj vc só ouve o USER USER USER dos palavrão kkkk USER USER agora USER, ri agora, não vem me olhar com olhar de deboche não, faz gracinha sustenta! USER Eu to cega? EU TO USER???? 6:13 ""Sustenta tua gracinha"" frase oficial de jojo 6:31 USER manda jogar a água fora para o USER buscar e encher 6:36 kkkk 6:40 Oh USER não passa pano não porque ontem vocês pegaram agua, então hoje quem vai pegar água nessa porra É USER!!! USER USER, VUSER USER SUA FUNÇÃO...(parece minha mãe gritando cmg) USER NO SPA??? USER NO SPA??? E É USER USER USER USER USER",0,1
"USER virgenzinha? acho que o USER aqui é voce hein?????? olha fica lambendo o cu dele USER vai,relaxa ele vai fazer um vídeo te agradecendo por ter tanto lambe cu ! se liga como falaram USER, é FICÇÃO, sabe o que é isso? o USER USER critica tudo, se muda mano, vai pra outro país, la não vai ter rebolation, coloridos, vdg, não vai ter nada! voce deve ser só mais um que se acha o fodão ne? USER USER...",0,1
"Olha a merda USER o USER falou, cara. Seria insustentável manter esse imbecil na empresa, tem gente lá USER depende do dinheiro po",0,1
USER USER EU NO SUPERMERCADO CHORANDO IGUAL DESGRAÇADA URL,0,1
USER USER !! vc conseguiu sem dinheiro e sem beleza comer USER USER EVANGELICA !! VC E FODA !!! SOU SEU USER !!!,0,1
"USER, o cara é mendigo e votou e vai votar novamente em Bolsonaro??? USER toda essa ""inteligência"" dele foi anulada kkkkk",0,1
USER mulher fudida pra caralho,0,1
"USER USER Imagine a uma mãe/pai ter um filho imbecil, alienado como esse.... Cresça meu filho.",0,1
"USER Por sua culpa, velho gagá, senil, fraco, bunda mole.",0,1
rt USER mete com força e com talento estou ofegante e vc percebendo bate maltrata essa puta safada quero jatada de leite na cara,0,1
"ah então se ferra, vc vendo meus tweets não vai mudar bosta nenhuma na minha vida tbm",0,1
"Enfim, posso odiar crepúsculo, mas isso é uma coisa muito CHULA, muito USER, vc apenas quer fazer fita, quer seu momento de popularidade. Você não é ninguém. USER e benção filhote de cruz credo.",0,1
USER brasileira foi pro lixo depois dessa merda que ce falou,0,1
"USER Amou??? Isso mostra o caráter teu e da linna, ingratos, mau caráter",0,1
"Este é seu presidente sem máscara e os gados seguidores USER sem máscara, pessoas podem morrer por isso, situação é crítica!!",0,1
o imbecil olha o nome dos videos porra é NAO USER SENTIDO e nao USER SENTIDO idiota,0,1
"USER USER USER USER USER ta mordido, qm cai na isca e peixe e no caso vc e um peixe palhaço",0,1
"mulher chata quer mandar em todo mundo , as pessoas fala com educaçao com ela so responde mal",0,1
"USER USER 🤣🤣com essa cara de otário, imagino a amante.",0,1
kaillane fdp brt na minha casa pra nos joga um video game,0,1
Ódio muito ódio desse cara quando sorriu devia ter pena de morte,0,1
USER ela é uma inútil,0,1
"USER E temos presidenciável que diz ser um Crime prender um ladrao de celular. Na minha opinião, tem que ser preso no mínimo dez anos. Ladrao é um ser repugnante desgraçado, quando morre é uma limpeza",0,1
"USER USER seu inteligente que viveu em um buraco todos esses anos, deixa eu te explicar uma coisinha.. não existe só casais héteros.",0,1
"ô véi, na moral: Quem fala mal do novo filme do Batman ( o famoso The Batman) é otário.",0,1
USER USER se mancaaaaa eh a miley ze buceta,0,1
"Com sonegação e puxa saquismo não patriotismo,oportunista do cacete,.",0,1
USER gostoso foi boa USER e feia,0,1
USER e muito aparecido.. um completo idiota....,0,1
"pule na Benga isso sim mano para com essa porra de incentivar as mentes ingênuas das crianças, no meu tempo agente comia terra",0,1
USER USER e ele tem direito de fazer o povo de carga de burro . Ele deve ter milhões de caráter pra tar lá dentro 😅,0,1
"Butler é o famoso afunda lobby e, você LOWRY VOLTA PRA TORONTO seu safado",0,1
USER os cornão nos comentarios jurando que o herzog se matou kkkkkkkkkkkkkkk da ate vontade de se enforcar sem banquinho pra nao ter que lidar com esse povo,0,1
USER USER ESTA USER EM TUDO MENOS NA PARTE QUE USER USER Q A USER E USER USER ELA E USER PRA KRL,0,1
USER a HASHTAG USER se for pra falar merda nem comenta crlh por isso que o USER tá do jeito que está.,0,1
"aiii vampiro,vapiro,oh USER USER oh USER USER//cala a boca porra!! USER USER USER USER!!!",0,1
"olha vey USER vontade de matar esse menino vey ele tem USER respeita as opiniões dos outros olha so ele deve ter inveja por todos os personagens de crepúsculo são famosos isso e USER USER USER caralho eles apenas tem USER repeitar a nossa opinião, eu não gosto de Justin USER e não assim eu vou sair falar USER ele e um gayzinho por ai ' eu so achava USER ele podia repeitar né ' aff ' esse povo so tem invejaaaaaa '",0,1
Paulinha ta podre prr🤣🤣🤣🤢,0,1
USER USER que ela tá com o cão nos peitokkkkk,0,1
USER Claro que pode. Basta não eleger mais ladroes e larapios como o “nobre” ex presidente. Ligar de ladrao e na cadeia e não na televisao,0,1
"USER USER, USER é mal amado isso sim. --'",0,1
"como USER bem disse ''eu sou mais louco que USERs'' Não USER USER não é louco! Vc só é mais um Mais um branco ignorante, que nasceu em berço de ouro e nunca passou por problemas reais por ser como USER bem disse no flow a ''minoria'' não tem desculpas, não tem argumento, não tem mimimi de extremismo, USER disse aquelas coisas horríveis pq USER quis dizer, não tem ngm distorcendo nada pq não precisa ser distorcido, já que esta tudo muito bem nítido.",0,1
USER daí o noiado.,0,1
USER USER Eu te odeioooooo,0,1
vai se fuder quem gostou o cara expressa a opiniao dele e USER pede a de vcs entao se USER gosta USER ve,0,1
"Eu queria vê se a USER teria peito pra me calar ,USER dava dois grito no ouvido dela ela entra no eixo em dois tempo ...Ah agora que lembrei se um homem grita uma mulher igual ela grito o Biel que por sinal não vale um peito de um fresco provavelmente ele seria massacrado como Machista !",0,1
Mano hj deu uma vontade de bater em um veio bêbado o cara tava enchendo o saco da mulher que tava vendendo salgados por causa do Filho dela mano que raiva que me deu desse velho fdp,0,1
"Estádios cansaram de vaiar, mandar a Dilma tomar no cú e nunca vi ela tentar SENSURAR alguém, mais o BUNDA MOLE, BOLSA DE COCO quer dar o ar da graça! URL",0,1
"USER USER tenho msm mana sou conhecida no tt por maria putinha, vc queria oq? q eu passasse na dm dos outros falando a palavra de Deus?",0,1
"USER USER veja os videos do mito, o babaca.",0,1
"além de não ganhar nenhum joinha e perceber que é o unico babaca aqui , vc não viiu que não tem como dar joinha .",0,1
USER o espírito de rico safado,0,1
"USER USER, PUTA QUE PARIU, VSF! AGORA USER PREOCUPADO! Você acha que Justin USER, USER e colírios são as únicas coisas que existem no mundo? Oh wooooooooow, as coisas estão piores do que imaginei para essa juventude ""do barulho"".",0,1
"eu odeio quando fazem isso cmg, e quando fazem pra ela fica 1000 vezes pior, vsfd o babaca",0,1
USER covarde NOJENTA USER👊👊👊👊👊👊👊👊💪,0,1
Mas mano imagina bafo crl esse mendigo deve tá muito feliz kkkk,0,1
"USER USER Até a marmita de político admite que o Presidente Bolsonaro está em alta ....acorda ladrão, vá descansar na prisão....lá é o seu lugar ou nos quintos dos infernos sentado no colo do seu pai 👿 URL",0,1
USER voce so gosta d sapatao caminhoeira de cabelo rapado,0,1
vampiro vampiro vampiro omg omg vampiro. calaboka porra USER,0,1
Chamei outro garoto de programa na casa do que brochou comigo e tá dele fudr outro viado lá,0,1
USER Ta sendo bem babaca,0,1
Se cagou mano...,0,1
"USER O cara falou, falou e nao disse porra nenhuma.",0,1
USER desculpa filho da puta,0,1
"USER Pq o cara tem um pênis de borracha e usa ele ora bater em mulheres? O cara mó viadinho, anda e fala que nem um peroba, tem pênis de borracha e ainda bate em mulher. Isso é uma bixona...viadinho escroto.",0,1
"Essas pessoas ricas, que estão na mídia acham que podem fazer o que quiser e vão ficar impune... Se fudeu perdeu várias parcerias. Esse casamento da irmã já foi um casamento que aumentou o contágio...",0,1
"Volta e vê a propaganda de novo, acho que seu pouco neurônios não capturaram o que o comercial quiz dizer",0,1
USER Ladrão filho de uma puta,0,1
karaiiiiiiiiiiiiiiiiiiiiiiiiii esse kara é retardado mas eu rachei de rir,0,1
O podcast em que o USER menos falou merda...,0,1
Vai tomar no cu jornaleco escroto URL,0,1
 pqp eu sou uma merda to fudida chorando d desespero,0,1
tambem sou gay boiola tô falando com o nicolas na outra ai nem lembro que essa existe,0,1
"Acrescento que esse morador de rua está mentindo, criando fábulas, expondo uma mulher que independente de estar consciente ou não, é uma mulher com uma filha pequena e que merece respeito. Que situação triste para todos. E que audácia desse homem se expor dessa forma. Assisti a uma nova entrevista dele, onde ele usa palavras de baixo calão como ""dei leitinho pra ela"" , ""comi o rabo dela"". Terrível e nojento. Apanhou pouco.",0,1
"Teu progama no multishow é uma merda, Mas esse personagem é muito bom fica so com isso :D",0,1
"Esse personal é uma vergonha. Corno ,por que não assumiu a verdade que todos viram,e que sua esposa confessou para o delegado,aí invés de ficar pagando de otario 🤔🤔",0,1
USER USER Sem contar que o mendigo tá na dele de expor a vagaba. O maluco tá sendo acusado de estupro e contar detalhes da relação é uma maneira de se defender e provar que foi consentido,0,1
"SIM, briga comigo seu otário tudo que acontece com você e sua mulher é minha culpa.",0,1
"USER USER USER! 😂USER de perseguição e censura mas é exatamente isso que o Na7ism0 faz. Foi isso que você defendeu liberar até um partido. Tá gostando da amostra? Drogas criam burros e hipócritas, NÃO USEM",0,1
"USER Primeiramente vai se fuder, animal de tetas",0,1
USER vc tá passando vergonha sua piriguete,0,1
"USER Quem mais aqui acha que Lula é a esperança dos banqueiros milionários neoliberais, dos parasitas ávidos por ""boquinhas"" e dos golpistas corruptos do Centrão?",0,1
USER esse homem é tão insuportável vontade de jogar no lixo,0,1
"""USER é meu saco""... USER USER, teu saco tá cheio de merda entao né?! '-' USER USER, zoa, otimo video",0,1
Fala mau mais tem o livro USER seu invejojo cala a sua boca troxa panaca,0,1
"Meu USER, como fala besteira esse cara, USER!",0,1
"USER rapaz olhando cenário agora USER tá calma , hj viu. USERkk mulher doida mais não tem duas conversa monte de homem com barba fica se fazendo de criança de 9 anos .",0,1
"USER USER E os pastores tirando dinheiro do seu cu, boiola de merda.",0,1
🔥2/4 homão negão tirando a calça jeans e cueca branca. ele batendo punheta com pauzão grosso em sofá😻😈🔥 📸 🔱USER 🔱USER 🔱USER 🔱USER 🔱USER 🔱USER 🔱USER 🔱USER 🔱USER,0,1
"USER Continue incitando o povo contra o STF. A única coisa que esse acéfalo anabolizado fez foi posar com uma placa de uma pessoa assassinada brutalmente, merece cadeia braba. Vagabundo, ladrãozinho de gasolina, tomador de bomba.",0,1
Eu nao entendo pq essa ariane ficou procurando felipe sendo q ele foi expulso por causa dela falsa falsa falsa falsa falsa falsa USER,0,1
vai toma no cu gringo se manca URL,0,1
"USER USER seu viado nojento do caralho, smt ent podre verme inutil",0,1
RT USER: “Posso fazer a consagração Tadeu?” Mais falso impossível esse escroto do Arthur HASHTAG HASHTAG,0,1
rt USER que ódio disso. pq o cara não jogou o branco escroto no trilho?? affs URL,0,1
Jamais eu ficaria feliz com um corpo desse...Ela já tá obesidade mórbida isso e ridículo ninguém quer ser gordo ..Eu não acredito que ela é feliz se sente cansada com dificuldades pra baixar os joelhos doe Thais minha chara se cuida .esses peso pode te levar a óbito se cuide e só minha opiniao,0,1
Nessa altura do campeonato tem que ser muito animal para seguir o Bolsonaro,0,1
A maconha comeu o resto de cérebro que o USER tinha… falou merda como sempre e se lascou como nunca dessa vez 🤦🏻‍♂️,0,1
na bola que esse cabaço não alcançou era só o doente do scarpa ter rolado pro veiga também tomar no cu,0,1
USER mds como diabos esse cabaco tem fã?,0,1
Que patético esses bovinos comentando GloboLixo. Todo mundo sabe que o BozoLixo que é Lixo. Esterco,0,1
USER KSKKKKKKKKKK é um viadinho,0,1
Mendigo comedor de casadas protejam suas esposas kkkkk,0,1
Aí o cara traz outro cara pra fazer parecer que o USER é Coitadinho USER USER tem que se fuder 🤬,0,1
USER o legal e ele fala besteira ¬¬',0,1
USER dinha sozinha novamente uma pica puta eu sou oq,0,1
"USER USER USER USER USER O ""Juiz ladrão"" roubou quanto??? Diz aí! Quanto o ""juiz ladrão"" devolveu aos cofres públicos??????? Você acha que o PT merece criticas??? HAHAHAHAHA DEIXE DE SER MENTIROSO!!!! VAGABUNDO Saco de Merda Lambe botas, Chupa rola de bandido!",0,1
"USER USER USER USER USER A transposição foi inaugurada pelo Lula, Dilma, Temer e Bolsonaro. Mas pra vcs a obra é só do Genocida. Quero saber, no q o país melhorou pro gado tentar reeleger esse lixo?",0,1
Filho da mae ainda bem que prenderam o cara poxa tava indo tao tomara que USER sobreviva pq se n o USER ta perdido,0,1
USER USER USER USER USER Quem pede esse cara gente pra ficar falando do cruzeiro? Será q não tem mais nenhum time pra ele encher o saco não? A vá tomar no cu.. cara lá da puta que pariu só fala de cruzeiro.. depois toma dois tapa na cara na rua e não sabe pq!,0,1
"USER, USER meteu a lingua entre as pernas e foi pega água, cadê que peito a JoJo, covarde ! ",0,1
péssimo tweet. nojento. abjeto. URL,0,1
Caraca que cara vacilao era pra ter nos livrado deste mal pra sempre bostonaro cretino preconceituoso,0,1
Vê se que a culpa não é dele ... estão fazendo de tudo para passar a mão na cabeça do corno,0,1
USER. Deveria ser preso. Crime ambiental inafiançável.,0,1
rt USER a melhor onda na história da wsl você é ridículo filipe toledo URL,0,1
"E com certeza um bom Advogado vai entrar com um processo contra o marido da Sandra, que se recusa a alcunha de CORNO.",0,1
Provavelmente amanhã eu vou ver o arrombado que me deixou tan tan das ideia,0,1
"Nossa credo, vai se cuidar minha filha, puro desleixo! Põe a culpa na gordua se perguntando pq é gorda mas deve comer na panela, essa gordura toda so te prejudica vim expor felicidade em um video é fácil quero ver ta feliz msm no dia a dia quando for fazer as coisas simples q todo mundo faz e ser prejudicada pela gordura. E quando for fazer um video desse dnv pelo menos depila a perseguida.",0,1
USER Eu sendo Vascão sei muito bem o quanto este FDP já nos roubou. Ladrão é pouco para ele.,0,1
USER preguiçoso causou a punição e tá deitado,0,1
40 minutos que poderiam ter sido 10! Que cara esquisito 😂 podia ser político por tanta volta que dá no assunto!,0,1
USER USER Foda-se piranha,0,1
USER Vc é o mesmo calhorda safado de sempre.,0,1
USER fico putinha,0,1
Wellington dias vagabundo desgraçado ladrão fdp URL,0,1
Nossa cair aqui de paraquedas?NOSSA ELE É MUITO DOIDA USER USER USER NA USERDA USER SE USER USER ASSIM USER DEMAIS DO CORPO TODO USER,0,1
"Gostei da entrevista, da próxima tira o microfone do ânus do câmeraman",0,1
USER no dije maldita 🔪,0,1
USER burrão botou 2 c a msm idade podia ter acertado antes,0,1
USER Tem que ser muito burro pra isso mas vai lá!,0,1
"USER Vc é um oportunista mentiroso, enganador",0,1
USER só falou a verdade esse Biel e nojento,0,1
Tiro de contexto o que mlk USER só falou merda e quer tá certo,0,1
"tu foi foda em Monark, antigamente com o Minecraft Agora com o nazi....",0,1
n gosto dessa jojo nao o mulherzinha nojenta por min ela USER tava fora,0,1
USER é uma gordinha muito bonita,0,1
Sabia que um drogado ia acabar fazendo merda .,0,1
USER E você e a terceira via mais inútil que o país tem kkkkkk,0,1
"vc é ridículo, nem tds as pessoas que assistem o filme querem ser representada por ele ridículo. Mais ridículo q o filme é o seu canal. vai tomar no seu cú",0,1
USER Lula embolsou mais de 100 milhões para montar 3 refinarias e não concluiu nem uma. Deixe de ser retardado apoiando um ladrão único culpado pelo preço da gasolina,0,1
USER Comenta sobre o samba do crioulo... Uma fala racista que você teve lá dentro?,0,1









"vsf neguin fdp. Na moral, tô cansado desses negros enchendo o saco",1,1
"vai toma cu alemão nazi! O Rio Grande do Sul acha que o mundo gira em volta deles kkk",1,1
"vai se tratar, seu louco. Mano, todo dia um carioca falando bosta na timeline",1,1
"sua vadia egocentrica. Essas mulheres vivem de drama, merda",1,1
"cala a boca desgraça humana. Só podia ser puta pra fazer um negócio desse",1,1
"Vai ver, é coisa de viado mesmo, te arromba bicha.",1,1
"Esses índios não cansam de passar vergonha? enfia uma flecha no cu e se mata como sacrificio",1,1
"Típico comportamento de pirralho, aff cresce crianca retardada",1,1
"ninguém te perguntou, babaca. Quando vejo um homem já sei que vem merda por aí",1,1
"vai se fuder velho sinico. Os velhos adoram se fazer de vítima né",1,1
"Esses deficientes vivem num mundo paralelo kkk arrombado fdp qualquer coisa é desculpa",1,1
"Pqp, mais uma cristã querendo dar opinião, não enche o saco escrota no fim voces todas vao pro inferno juntas so pela hipocrisia",1,1
"USER voce é um animal. Esses budistas se acham superiores, que piada",1,1
"Tem coisa que só um homem bomba é capaz de fazer, faça um servico ao mundo e se explode doente",1,1
"tu só fala bosta irmao. Meu Deus, brasileiro é tudo igual",1,1
"Esses judeus tão em todo canto, credo. USER se tentar me extorquir dnv te jogo na faixa de gaz babaca",1,1
"vc é doente? Sempre que uma mediocre fala, sai besteira",1,1
"não enche o saco mendigo. Esses povos ciganos não servem pra nada, srrs",1,1
"você nao passa de uma fudida. É cada sapatão que aparece kkk,1,1
"USER cara sem noção do carai kkkkkkk. Esses não binários se juntam e acham que mandam no mundo",1,1
"vira gnt porra. Ninguém aguenta mais os trans querendo atenção",1,1
"esse USER é um doente. Já vi que a culpa é dos bissexuais, como sempre",1,1
"Os asiaticos só sabem arrumar confusão. USER sai do meu pais, copia barata de ser humano",1,1
"Mais um dia, mais um umbandista falando merda. fdp sem noção mrm ",1,1
"Esses gordos têm preguiça até de pensar, USER vc é patético",1,1
"Se depender dos mulçumanos, o mundo acaba amanhã, USER acaba com sua vida no lugar",1,1
"USER vc é um bosta msm. Esses candombles não aprendem nunca",1,1
"Não dá pra levar sulista a sério kkk seu branco retardado",1,1
"USER viado do caralho. Só podia ser coisa de baitola, sinceramente",1,1
"Mulher negra é sinônimo de problema, essa crioulo so me da problema",1,1
"viado afetado. Esses trans vivem reclamando e não fazem nada",1,1
"É impressionante como biba fala besteira. que cara idiota",1,1
"ninguém te perguntou, seu merda. Esses autistas se acham donos da verdade, pqp",1,1
"Todo chineses é igual, só muda o nome. abre o olho made in china",1,1
Esses veios não conseguem ficar calados um dia. não enche o saco geriatrico morto vivo",1,1
"USER rolha de poço maldita. Mano, não dá pra discutir com obesos, é perda de tempo",1,1
"Os mendigo têm a mania de se vitimizar. USER pobre fudido vai trabalhar",1,1
"Deus me de força pra aguentar essa quenga no meu ouvido. Cada vez que um feminista abre a boca, morre um neurônio",1,1
"Só pretos pra achar isso normal. USER volta pra mata macaco",1,1
"Esses afeminados vivem num mundo de fantasia, pqp nao enche meu saco viado",1,1
"pirua da porra. Parece que ser loira é sinônimo de burrice",1,1
"USER te manca mongol. Esses flamenguistas se acham inteligentes, mas é só pose",1,1
"Esse neguin é sem nocao. Não confio em escuros, nunca dá bom",1,1
"Esses palestinos estragam tudo onde passam, se explode logo imbecil.",1,1
"vai tomar no cu fudido. Favelados não sabem o que é respeito mesmo",1,1
"imundo e burro ainda por cima. Esses pobres tão cada vez piores, aff",1,1
"vc é retardado? É só um depressivo pra não entender o básico",1,1
"imbecil do caralho. Esses macho acham bonito ser ignorante",1,1
"USER vc é um doente. Não sei o que é pior, hetero ou quem defende eles",1,1
"Essas prostitutas vivem de mimimi, merda. ninguém te perguntou, puta",1,1
"esses nordestino são a desgraça do pais. Vai se fude paraiba, ta sujando minha cidade",1,1
"Pirralha sem nocao, sai do celular da mamae. não sei pq criança ainda tem direito a opinião",1,1
"Se explode junto com tua raça nojento. tinha q mandar todos os islamico de volta pra casa nesse carai,1,1
"USER travesti doente. q nojo dessas trans, bando de seboso",1,1
"vc só fala bosta, o mundo seria mil vezes melhor sem americano",1,1
"porra, todo negro é vitimista, sem exceção USER vc é patético",1,1
"aff, lá vem a militância feminista encher o saco. sua imbecil do caralho",1,1
"lugar de nego é na cadeia, isso sim. vou assistir vc se fude com prazer preto fudido",1,1
"fdp sem noção mrm. odeio esses americanos capitalistas com todas as minhas forças 🤢",1,1
"vc é doente? calem a boca, seus homens de merda",1,1
"vai se tratar, sua louca. só as puta pra defender uma porcaria dessas",1,1
"clbc macaco kkkkk nenguin tentando ser gente, q piada",1,1
"vai tomar no cu viadinho, ta vendo, todo gay devia ser banido da internet",1,1
"caralho, como pode ainda existir travesti e tem a coragem de falar cmg, vai pro inferno sue bosta",1,1
"seu imbecil voce merece isso. vcs dão moral pra mulher e dps reclamam",1,1
"USER seu desgraçado. esses policiais só sabem destruir as coisas",1,1
calaa bola branquelo fudido. pra mim branco nem é gente,1,1
"vc é doente? o problema do brasil são os politicos sebosos, sempre foram",1,1
"não aguento mais olhar pra cara de VIADOOOOO. vc me cansa aberração",1,1
"silêncio, um boiola está falando bosta, USER conseguiu seu palco pra brilhar biba",1,1
"esse USER é um atraso evolutivo. tinha q proibir aleijado de existir",1,1
"USER vadia aproveitadora. bando de mulher arrombada, ta errada e ainda ganha apoio da manada",1,1
"nao enche o saco biba. se é viado, bom é chupar rola calado",1,1
"todo dia uma biba diferente passando vergonha. USER travesti patetico",1,1
"se eu vejo um cadeirante na rua eu atravesso a milhão. essa bomba so vem pra atrapalhar minha vida USER aprende a andar porra",1,1
"a culpa dessa merda toda é dos liso fudido, que não tem um real nem pra fazer acontecer que nem voce pobre imundo",1,1
"vai se foder lixo humano. fogo nos brancos de direita!",1,1
"só esses flamenguistas pra ser tão mongoloide assim, papo reto USER vai se tratar, seu louco",1,1
"esses cara que se paga de favelado são a escória da escória. USER imbecil do caralho",1,1
"não tem q ter pena de bandido não. voce merece tomar no cu de todas as formas possiveis",1,1
"USER seu pedaço de merda. mano, viado e pobre é td farinha do mesmo saco",1,1
"vai se tratar, USER sua louca, meu deus q ânsia dessas mulheres que protestam por qualquer coisa",1,1
"vcs são todos uns facista de m*rda. seu verme só fala bosta",1,1
"USER seu animal, esses estuprador não tem um pingo de cérebro",1,1
"Cala a boca Mulher escrota. qnd q vão parar de passar pano pra o aborto??Toda mulher tem que calar a boca e aceitar que a partir do momento que tem vida, não pode matar",1,1
"USER vai se foder. tenho repulsa de negroides",1,1
"o mundo tá um lixo por causa dos indianos. Seu verme sujo",1,1
"USER bixo é um cuzao, esses heterotop deviam voltar pro esgoto",1,1
"pqp, lá vem o fã clube de viadinho, USER fdp sem noção mrm ",1,1
"voce devia ter vergonha de sair de casa assim USER todo cabelo cacheado é ruim, é fato",1,1
"Analfabeta não é humano, é praga. sua petralha lixoo",1,1
"q nojo, rapariga falando de moralidade, USER pirua da porra",1,1
"Esses macacos são um câncer na sociedade, USER crioulo imundo",1,1
"além de puta vc tinha que ser incompetente Pqp, de novo as vadias fazendo merda puta que pariu",1,1
"seu boiola do caralho. Tinha que ser esses viadinhos pra falar uma bosta dessas",1,1
"O problema do brasil são esses petralhas, precisando de muito pau na boca, oh petista porco",1,1
"vc só fala bosta Kkkkkk típico de homem escroto, sempre passando pano pro estupro",1,1
USER vai se foder bicha piranha. Alguém precisa calar a boca desses viadinhos urgente",1,1
"USER cala a boca, arrombado. Todo comunista é burro ou se faz pqp?",1,1
"Que nojo dessa raça de primatas, neguin sujo mrm 🤮",1,1
"voce é um merda, vai vc e todo o resto tudo pro inferno, bando de aberração lgbt fdp",1,1
"Lugar de mulher arrogante é na cozinha pra virar gente,vou te consertar cagabunda",1,1
"vai se foder monstro biologico. Odeio todos esses boilinhas com todas as minhas forças",1,1
"Sai daqui macaco. P*rra, pq todo preto é tão feio?",1,1
"Imbecil nao sabe nem escrever que ter direitos. Esses nordestinos deviam ser banidos da internet",1,1
"Traveco doente. Não suporto nem ouvir a voz false desses trans, isso nao é saudavel pra criancas verem de exemplo",1,1
"pega uma granada e enfia no cu arrombado. Francamente, carioca é tudo igual msm, bandido rico ou pobre 🤦",1,1
"vai tomar no cu boiola. Os lgbt estão destruindo os valores da familia",1,1
"vc é doente? Que m*rda, só tem nazista burro defendendo isso",1,1
"vc é um bosta msm. Bando de eletista arrombado fdp, n sabem de nada",1,1
"Sua vagabunda. mulher nem é gente, hoje em dia é tudo puta",1,1
"vai tomar no cu truta. Deviam fazer uma lei pra proibir nordestino de existir,1,1
"que cara idiota Kkkkkk olha a gangue dos analfabeto passando vergonha dnv",1,1
"vc é doente? Zero paciência pra militância de imbecil que gosta de dar o cu",1,1
"Esses indiozinho são uma praga. USER tu n devia nem existir, os portugueses infelizmente falharam em esterminar seus antepaçados,"1,1
"O mundo seria melhor sem esses povo imundo invadindo pais dos outros, fato. sai daqui porco imundo",1,1
"seu pedaço de merda.Pq os negros simplesmente n somem?",1,1
"USER neguin burro dms. Não dá pra dialogar com esses criolos, é perda de tempo",1,1
"Vtnc bando de gamba feio pra porra. bixo cuzao" ,1,1
"Que p*rra, essas feministas tomaram conta dos comentarios, nunca vi tanta mulher feia junta. voce é patetica",1,1
USER só fala bosta sua louca. Vcs perceberam que toda feminista é completamente desligada da realidade?,1,1
"USER volta pra toca que vc veio aberracao! Cansado de ver trans em todo lugar, negocio chato da porra. Fui num restaurante, ai pedi o número de nega depois descobri que tinha piroca.pqpqpqpqpqp",1,1
"USER seu desgraçado. esses alphavela tinha que voltar pro esgoto de onde saiu",1,1
"É impressionante como todo gay assumido é insuportável. mlk sem nocao, chato pra caralho",1,1
"Os judeos são o lixo da sociedade, mal se lembram que quase foram esterminados desse mundo, teria sido um favor, assim nao tinha que conviver com voce escoria",1,1
"Que raiva desses flamenguistas que só tem a camisa e não sabe o nome de um jogador de merda. USER torcedor terceirizado, nem isso o imbecil sabe fazer",1,1
"Tomara que os lulistas se fodam muito. FAZ O L PAE! petista porco",1,1
"Cala a boca puta. Pqp q vagabundas chatas do caralho",1,1
"Odeio viadoooooo mais que tudo. seu trevesti deformado 🤢🤮",1,1
"Sempre os hetrozinho com um carro e sem um diploma pra estragar o dia. USER babaca",1,1
"que cara idiota. Como pode existir pessoa que segue outra religião que não seja o catolicismo em pleno 2025?,1,1
"crioulo arrombado. Todos os pretos escuros favelados sem uma casa pra morar deveriam ser presos, isso sim",1,1
"esse USER é um doente, lamentável acredita que existe pessoas que apóia o LGBT",1,1
"Petralha ridicula. Pois é, decaiu depois de sofrer uma lavagem cerebral das feministas",1,1
"não enche o saco inutil. Homem é um bicho estranho ao mesmo tmp ridículo" 🤣,1,1
"A MULHER COM DIGUINIDADE E TER UM BOM CARATER, NAÕ VOTA NO CANALHA MULHERES VAGABUNDA E SEM VERGONHA VOTA NELE. SUA QUENGA",1,1
"da série ninguém respeita versão: os argentinos 😂😂😂😂😂😂😂😂😂😂😂😂😂. USER me mama macaco branco, mono hijo de puta",1,1
"Sua otaria da merda! voces não ligam um caralho ao Porto b mas quando o Porto diz que alguma coisa do Porto b é de graça vocês até correm feitas cadelas! nojo de vocês.,1,1
"Seu otario. Povo ignorante bota um sujeito assim pra fazer fazer e votar lei, depois reclama que a lei não presta. URL",1,1
"Nunca vi alemão pedir nazismo de volta, nem USER fascismo, nem USER fascismo de Pinochet, nem USER fascismo de Franco. É só brasileiro USER pede ditadura. USER vai se tratar, seu louco, pais merdinha viu",1,1
"USER seu animal, tu deixou teu time jogar 5 vezes a série B kkkk, torcida mais frouxa e covarde que existe. tu Tirou o pau do Flamengo da boca já? Atomozinho penta série B",1,1
"vc é burro? seu animal. Brasil continua sendo ridicularizado internacionalmente. Outros países mais desenvolvidos fazem chacota com essas posições fanáticas, desse povo imbecil.",1,1
"USER que rapariga idiota, Eu apoio tu ir em mais dois treinos e bater boca com essas arrombada",1,1
"USER mlk esquisito da porra. grupo de gayzao credo" ,1,1
"não enche o saco mulher. mulher quando fica grávida fica burra!quando começa o nível de burrice e eu pergunto se é gestante, se a respsta é 'sim' eu ate ja entendo!",1,1
"Brasil não tem conserto, somos cafonas, atrasados e ignorantes e parte da culpa é por gente como voce seu imbecil, e ainda temos escolas militares, tamos fodidos.",1,1
"USER  sim, a mulher quem sai como a doida da história, sempre. imbecil do caralho",1,1
"Falo tudo! Exelente, por mais que tenha demorado 11 hrs pra fazer que nem a(o) esquisito falo ali em baixo (sabe deus se é mulher ou homem hoje em dia..) com certeza vlw super apena pra abrir os olhos desse bando de putinhas virgens q estão loucas pra dar a bunda esperando o fdp do principe vir com uma calça vermelha e um oculos sem lente pra escutar MUITA USER USERnora! -.- whatever, USER queria agradecer. Faça muitos muitos videos e tenha sucesUSER pra falar abertamente suas ideias, o mundo precisa.",1,1
"cala a boca, arrombado. vou começar a andar de burca ai essas coisas não acontecem, ou sim já que homem é um ser desgraçado",1,1
"país do caos, país da vergonha...povo ridiculo. voce é um fudido sujo como todos eles.",1,1
"pirua da porra. meninas virgens e revoltadas que estão P. da vida, só tenho uma coisa a dizer: VOCÊS TEM PROBLEMINHA xD",1,1
"USER vai se tratar seu hipocrita. Não é possível que alguem honestamente ache que o monark, um dos maiores defensores das liberdades individuais com voz relevante no debate público defenda ideias totalitarias como do nazismo... Fico triste do flow perder uma de suas peças fundamentais... fico triste das pessoas no brasil serem tão mal intencionadas e maldosas... E fico ainda mais triste sabendo que a hipocrisia reina nesse país de merda, onde defensores abertos e auto declarados de ditaduras censuras e repressão das liberdades individuais, só que de ESQUERDA, não são se quer tratados como extremistas, tendo ainda voz relevante no debate público... Sinceramente, o USER não tem solução, vai se afundar no mesmo buraco a que todos os países da américa latina estão fadados.",1,1
"ta na hora de faze um video sobre BRASILEIROS otário que ficam escrevendo em ingles, porque? USER seu imbecil do caralho",1,1
"USER sua hipocrita doente RT USER: São feministas mais só querem gozzaar com homens? Vocês gostam mesmo é de homem hipocritas, os jovens são massa de ma…",1,1
"USER vc é patético. Tenho muita pena pois brasileiro se vende por ilusoes político nenhum presta tudo bandido",1,1
"seu merda inbecil. Tudo indiota brasileiro é burro demais",1,1
"USER seu imbecil.>>62237>chamo outro anão de samefag>vai lá quotaralém de burro é judeu.",1,1
"USER KKKKKKKKKKKKKKKKK sai fora mlk esquisito da porra, continuo odiandi gay lesbica sapatao",1,1
"USER USER Brasileiro é escroto demais. cara sem noção", fdp,1,1
"USER sua puta voce merece isso msm. Todo dia sai uma puta e um tarado pelas ruas, um dia eles se encontram.",1,1
"esse bixo é um cuzao, Odeio amanhecer com putas e veado e chega o hétero com dinheiro que paga tudo e escolhe a música. Toda hora fico desmaiando",1,1
"RT USER: USER seu pedaço de merda, cabeludinho é uma raça maldita, espero que tomem bala perdida sem querer",1,1
"vc é um bosta msm, homem eh um bicho mt estranho",1,1
"aberracao bilogica. Ainda bem que gay não se reproduz..",1,1
"Vem fazer seu trabalho puta. agora que eu tô sozinho nesse mal caminho cheio de piranha querendo me dar",1,1
"vagabundo sujo mrm. esses maconheiro tudo tem q se fude memo",1,1
"seu buceta. prefiro morrer q ouvir funkeiro falar, lixo puro",1,1
"sua inutil do caralho, num queria ser mulher? traveco q n sabe cozinhar devia ter vergonha na cara",1,1
"USER seu otário do caralho. neguin pisa no meu tênis q eu quebro a perna dele,1,1
"viado tem q voltar pro armario e calar a boca. some do mundo boiola.",1,1
"VOCE SO FALA BOSTA MDSS. evangelica é tudo hipocrita do krl",1,1
"USER ninguém te perguntou, lixo. nega que tem depressão é fresca, era pra aguentar q nem gente",1,1
"esses nordestino vem pra cá sujar nossa cidade. seu animal imundo",1,1
"você é um pedaço de merda. traveco de 31+ solteira é sinal de problema",1,1
"vai tomar no cu estragando meu dia. gordo deveria pagar 2 passagem msm",1,1
"USER petralha lixo. prefiro meu cachorro q qualquer petista",1,1
"vai se tratar, seu louco. se usa pronome neutro tem doença na cabeça",1,1
"USER seu lixo. indio devia era sumir msm, atraso do caralho",1,1
"USER abre o olho arrombado. esses japa tudo igual, n sei quem é quem",1,1
"traveco q posta foto de biquini é tudo piranha. bicha feia da mizera kkkkkk",1,1
"USER vc é patético. pobre tem q parar de frescura e trabalhar",1,1
"criança autista devia estar em casa, n atrapalhando. não enche o saco maluco",1,1
"USER seu animal. vegano é doença, comer folha igual boi",1,1
"não enche o saco voce que escolheu dar o cu. quem é gay n pode ter filho, estraga a criança",1,1
"sua otaria fudida. mulher q n quer filho é egoísta do krl",1,1
"vc é doente? vai tomar no cu. esses emo tudo cortado devia se matar logo",1,1
"USER traveco fudido sai daqui. quem é trans é só homem doente vestido de mulher",1,1
"mulher macho voce é uma aberração. feminista gorda e feia pq ngm quer elas msm",1,1
"petista porco. quem é de esquerda tem q se fuder e calar a boca",1,1
"vai se foder mercenario escroto do caralho. esses judeu só pensa em dinheiro, pilantra",1,1
"quem tem HIV é vagabunda q n se cuida, sua puta rodada",1,1
"voce é burra dms, mulher q trabalha mais q homem é lesbica",1,1
"vai se tratar, seu louco, esses católico é tudo pedófilo escondido",1,1
"não enche o saco xingling, coreano só sabe copiar os outros",1,1
"fdp esquisitao kkkkkkk se é nerd é virjão q n pega ngm",1,1
"USER seu buceta, geral q tem tatuagem é um marginal do krl",1,1
"fdp sem noção mrm. Quem é gordo e come fast food só pode ser burro msm",1,1
"esses bruxo tudo doido, devia ser preso, e voce junto seu merda",1,1
"que cara idiota, ateu n tem moral nenhuma, vao tudo pro inferno",1,1
"seu cuzao. se é rico é tudo psicopata sem coração",1,1
"USER seu bolsominion fudido. todo povo que é de direita é fascista do caralho",1,1
"esses artista lgbtq só faz propaganda bosta, treveco sem noção",1,1
"surdo devia aprender a ouvir logo, seu imbecil atrapalha minha paz",1,1
"cara sem noção, fdp,pqp cadeirante só atrapalha no busão",1,1
"agora gringo que vir aqui falar merda da gente, seu imbecil",1,1
"pardo é desculpa pra gnt confusa, n sabem oq quer, voce é macaco mesmo isso sim",1,1
"USER voce é um doente, professor é tudo comunista vagabundo",1,1
voce é doente? ta defendo ele pq? todo policial é assassino fardado,1,1
"esse bixo é um cuzao, porra jornalista tudo vendido, n confio",1,1
"ninguem perguntou sua opinião, pq todo influencer é so burro q ficou famoso?",1,1
"se voce se chama de gamer significa que é virjão q n sai de casa. USER Melhore seu boiolinha",1,1
"esses roqueiro tudo drogado, n serve pra nada, voce nao passa de um animal imundo",1,1
"quem é vegano devia comer carne logo, frango n mata ngm comece a se tratar sua louca",1,1
"esses viado deviam voltar pro armario qnd eu era mlk nem existia bicha assumida como voce",1,1
"que mulher idiota. mulher no volante acidente constante é lei da natureza memo",1,1
"vsf macaco preguiçoso. preto so sabe fazer baderna e pedir esmola, trabalhar q é bom nada",1,1
"se dependesse de mim todo nordestino tava de volta na roça plantando feijao e voce seria meu escravo seu cuzao",1,1
"voce é um merdinha. esses japa tudo igual, olho puxado e roubando nosso emprego",1,1
"nss mlk vai se fuder arrombado! gordo devia pagar dois ingresso no cinema, ocupa espaco demais",1,1
"mulher q n sabe cozinhar é inutil, seu lugar é na cozinha memo, cala boca puta",1,1
"indio só serve pra beber cachaça e viver de bolsa familia, voce é um pedaco de merda na sociedade, deviam ter matado todos voces",1,1
"entao voce é um belo hipocrita do crlh. evangelico é tudo falso, finge ser santo mas é mais safado q ninguem",1,1
"viado n devia poder adotar criança seu imbecil do caralho, vao estragar a cabeça da criança",1,1
"esses muçulmano vem pro brasil querendo impor a lei deles, vao embora terrorista, esse bixo é um cuzao",1,1
"mulher de 31+ solteira é sinal de q tem algo muito errado, voce deve ser insuportavel só fala bosta",1,1
"negro q se acha, pensa q pq tem nike é gente. voce continua sendo macaco",1,1
"seu imbecil do caralho, gente pobre n devia ter filho, so faz mais pobre pra sociedade",1,1
"esses traveco devia ser preso, nao é homem nem mulher é aberração, vai se tratar, USER doente",1,1
" nao enche o saco mechona escrota. feminista é tudo gorda feia q n consegue homem entao fica militando,1,1
"criança autista é culpa da vacina, os pais q aceitam isso sao retardados e aparentemente voce é um dos otários",1,1
"não enche o saco seu bosta, brasileiro é tudo ladrão",1,1
"some daqui, inútil deformado. asiatico nao sabe dirigir, deviam tirar a carteira de todo japa chines",1,1
"vc é doente? mulher trans é homem doente, precisa de tratamento psiquiatrico urgente",1,1
"esse animal agora sujando minha vida. nordestino vem pro sul so roubar nosso emprego e favelizar tudo",1,1
"toma vergonha aberração! gente feia devia ser obrigada a usar mascara, me da nojo so de olhar",1,1
"neguin pilantra. negro q fala q sofre racismo é mimimi, querem sempre vitimismo",1,1
"para de encher meu saco seu merda. vegano é tudo doente da cabeça, deviam comer uma carne logo",1,1
"ta defendendo oque imbecil, esses judeu controla o mundo inteiro, sao todos ricos e pilantra",1,1
"voce é uma puta rodada sim. mulher q tem muito piercing é vagabunda msm",1,1
"vai se fuder seu animal. indio devia sumir mesmo, atraso do pais é culpa deles",1,1
"gordo n devia poder usar roupa curta, ninguem quer ver isso seu fdp sem noção",1,1
"esses gay fazem parada so pra provocar, USER vc é patético, devia voltar pro armario",1,1
"Sua macaca atacada. mulher negra é tudo grosseria, nao tem educação nem classe",1,1
"brasileiro é burro por natureza. USER seu pedaço de merda, por isso o pais nunca vai pra frente",1,1
"travesti é tudo marginal, vive de prostituição e roubo, vc é um bosta msm",1,1
"cala a boca, arrombado. esses emo sao tudo fresa doente, se acham diferentes mas sao pateticos",1,1
"USER BURRA DMS. gente pobre tem q parar de ter netflix e pagar aluguel primeiro,1,1
"asiatico é tudo feio igual, nao tem um q se salva, voce nao é diferente seu porco",1,1
"voce é um pedaço de merda, mulher q n quer ter filho é egoista, biologicamente falhando",1,1
"USER vc é patético. negro q fala ingles é ridiculo, tentando ser o q nao é",1,1
"esses maconheiro deviam ser preso, viciado n presta, seu fdp sem noção",1,1
"evangelico q da dizimo é mais burro q porta, cai no conto do pastor seu imbecil",1,1
"gordo come igual porco, nao tem auto controle nenhum sua baleia morbida",1,1
"viado fazendo cirurgia é desperdicio de dinheiro do sus, some daqui traveco",1,1
"nordestino tem sotaque ridiculo, da vergonha de te ouvir pobre sujo",1,1
"USER traveco feio kkkkk mulher trans nunca vai ser mulher de verdade, sempre vai ser homem",1,1
"esses japa sao todos iguais, nao da pra diferenciar um do outro não enche o saco juong cock",1,1
"gente feia n devia postar selfie, ta achando q é gente bonita USER vc é patético",1,1
"preto q se acha influencer é piada, so tem 11 segundos de fama fdp sem noção mrm ",1,1
"vegano devia ser obrigado a comer carne, sao todos desnutridos e ainda tenho que ficar ouvindo esse bixo me encher de merda no ouvido. isso é uma ceita desgraçada",1,1
"USER é um otario mesmo. brasileiro é tudo pobre e feliz, aceita migalha e ainda agradece",1,1
"vai tomar no cu arrombado. esses crente do caralho fica batendo em mulher e depois vem falar de deus, devia ser esterilizado coletivo",1,1
"não enche o saco baleia, mulher gorda de calcinha é crime visual, meu psiquiatra cobra mais caro depois disso",1,1
"paraguaio vem aqui vender limão caro e ainda rouba nosso ouo, vc é um bosta msm. devia ter fronteira fechada",1,1
"trans é doente mental que usa dinheiro publico pra mutilar o corpo, deveria pagar do proprio bolso, seu otário do caralho",1,1
"negrada fica falando de cultura mas so sabe fazer funk lixo e usar droga, seu neguin sujo , que cultura de merda",1,1
"esses japa fudido nao sabe falar portugues direito, tu devia voltar pro japao fazer sushi some daqui, seu inútil",1,1
feminista de cabelo roxo é tudo gorda fracassada que nao consegue nem marido. não enche o saco puta enrustida, 1,1
"vai se tratar, escroto. agora indio vagabundo vive de bolsa familia e ainda reclama, devia trabalhar igual gente",1,1
"viado assumido em escola é perigo. Vai tomar no cu irmao, agora vao converter as criancas pra bicha",1,1
"vai se foder retardado. nordestino tem mentalidade de escravo, vota no lula e fica pobre eterno",1,1
"gente pobre nao devia ter direito a celular novo, o fudido usa dinheiro do governo pra ostentar",1,1
"mulher de 41 solteira é sinal de louca, pirua sem noção deve ter 51 gato de estimação",1,1
"vc é doente? negro q fala de racismo reverso é burro, nunca foi escravizado de verdade",1,1
"não enche o saco aberração, emo cortador é tudo adolescente mimado que quer atenção, devia se matar logo",1,1
"vai tomar no cu baleia. gordo nao devia poder comer em publico, me da nojo ver eles se empanturrando",1,1
"que cara idiota, brasileiro é tudo corno manso mesmo, aceita imposto e ainda defende politico ladrao",1,1
"vai se foder sua puta. traveco de programa é doente, transmite aids pra caralho e ainda cobra caro",1,1
"esses judeu rico controla midia e banco, sao todos sionistas fdp, voce não é diferente seu imbecil",1,1
"mulher q faz tatuagem na costela é puta, USER vc é patético, sua vagabunda",1,1
"asiatico fudido nao sabe dirigir, devia andar de burro mesmo, xingling imbecil",1,1
"criança autista é falha genetica, devia ser abortada na primeira ultrassom, agora tem mais um retardado pra sujar o mundo",1,1
"viado q adota criança é pedofilo disfarçado, vai estragar a criança boiola do caralho",1,1
"nordestino come pao com ovo e acha q é jantar, pobre de merda, voce é um fudido",1,1
"gente feia devia pagar imposto extra por feiura, essa aberração me traumatiza no metro",1,1
"negro q se acha intelectual é piada, o macaco copia textos e acha q é phd",1,1
"vegano é tudo magrelo doente, parece q ta em campanha de fome, USER vai se tratar, seu louco",1,1
"esses crente da universal da dinheiro pro pastor comprar jatinho, e o imbecil ainda se gaba, fdp sem noção mrm ",1,1
"gordo transpirando no onibus é tortura, cara sem noção, fdp. cheiro de queijo velho",1,1
"mulher trans nunca vai ter utero, sempre vai ser homem deformado que nem voce viadinho do caralho",1,1
"não enche o saco USER. paraguaio fala espanhol torto e ainda vem dar aula de portugues",1,1
"brasileiro é tudo ladrão de merda. tomar no cu esse verme não some da minha vida, nasci no pais errado com esses fdp",1,1
"emo de 31 anos é fracassado crônico, devia arrumar emprego logo seu merda",1,1
"gente pobre fica postando foto de iphone mas mora em favela, iludido imbecil do caralho",1,1
"esses japa sao todos feios com orelha de abano, nao tem um q preste, ai vem um retardado querer "militar" em cima da vdd, cala a boca arrombado",1,1
"mulher q nao quer ser mae é anti-natural, falhando como ser humano, some daqui, sua inútil",1,1
"negro q fala certinho é ridículo, tentando ser branco de alma. neguin USER, tu é sujo por natureza",1,1
"traveco feio kkkkk. travesti é aberração da natureza, nem deus quis fazer direito",1,1
"petista porco. Impressionante, nordestino tem cabeça de barata, vota no lula ate morrer de fome",1,1
"gordo come igual animal, faz barulho e tudo, porco humano, vc é patético",1,1
"USER vai se tratar, seu louco. viado q usa banheiro feminino é estuprador, devia ser preso na hora",1,1
"USER seu animal, esses indio bebe cachaça e bate na mulher, cultura primitiva do caralho",1,1