"Esses traveco s√≥ sabem reclamar, porra",1,0
"Na moral, t√¥ cansado desses negros enchendo o saco",1,0
"O Rio Grande do Sul acha que o mundo gira em volta deles kkk",1,0
"Mano, todo dia um carioca falando bosta na timeline",1,0
"Essas mulheres vivem de drama, merda",1,0
"S√≥ podia ser puta pra fazer um neg√≥cio desse",1,0
"Vai ver, √© coisa de viado mesmo",1,0
"Esses √≠ndios n√£o cansam de passar vergonha?",1,0
"T√≠pico comportamento de pirralho, aff",1,0
"Quando vejo um homem j√° sei que vem merda por a√≠",1,0
"Os velhos adoram se fazer de v√≠tima n√©",1,0
"Esses deficientes vivem num mundo paralelo kkk",1,0
"Pqp, mais uma crist√£ querendo dar opini√£o",1,0
"Esses budistas se acham superiores, que piada",1,0
"Tem coisa que s√≥ um homem bomba √© capaz de fazer",1,0
"Meu Deus, brasileiro √© tudo igual",1,0
"Esses judeus t√£o em todo canto, credo",1,0
"Sempre que uma mediocre fala, sai besteira",1,0
"Esses povos ciganos n√£o servem pra nada, srrs",1,0
"√â cada sapat√£o que aparece kkk",1,0
"Esses n√£o bin√°rios se juntam e acham que mandam no mundo",1,0
"Ningu√©m aguenta mais os trans querendo aten√ß√£o",1,0
"J√° vi que a culpa √© dos bissexuais, como sempre",1,0
"Os asiaticos s√≥ sabem arrumar confus√£o",1,0
"Mais um dia, mais um umbandista falando merda",1,0
"Esses gordos t√™m pregui√ßa at√© de pensar",1,0
"Se depender dos mul√ßumanos, o mundo acaba amanh√£",1,0
"Esses candombles n√£o aprendem nunca",1,0
"N√£o d√° pra levar sulista a s√©rio kkk",1,0
"S√≥ podia ser coisa de baitola, sinceramente",1,0
"Mulher negra √© sin√¥nimo de problema",1,0
"Esses trans vivem reclamando e n√£o fazem nada",1,0
"√â impressionante como biba fala besteira",1,0
"Esses autistas se acham donos da verdade, pqp",1,0
"Todo chineses √© igual, s√≥ muda o nome",1,0
"Esses veios n√£o conseguem ficar calados um dia",1,0
"Mano, n√£o d√° pra discutir com obesos, √© perda de tempo",1,0
"Os mentigo t√™m a mania de se vitimizar",1,0
"Cada vez que um feminista abre a boca, morre um neur√¥nio",1,0
"S√≥ pretos pra achar isso normal",1,0
"Esses afeminados vivem num mundo de fantasia",1,0
"Parece que ser loira √© sin√¥nimo de burrice",1,0
"Esses flamenguistas se acham inteligentes, mas √© s√≥ pose",1,0
"N√£o confio em escuros, nunca d√° bom",1,0
"Esses palestinos estragam tudo onde passam",1,0
"Favelados n√£o sabem o que √© respeito mesmo",1,0
"Esses pobres t√£o cada vez piores, aff",1,0
"√â s√≥ um depressivo pra n√£o entender o b√°sico",1,0
"Esses macho acham bonito ser ignorante",1,0
"N√£o sei o que √© pior, hetero ou quem defende eles",1,0
"Essas prostitutas vivem de mimimi, merda",1,0
"esses nordestino s√£o a desgra√ßa do pais",1,0
"n√£o sei pq crian√ßa ainda tem direito a opini√£o",1,0
"tinha q mandar todos os islamico de volta pra casa nesse carai",1,0
"q nojo dessas trans, bando de seboso",1,0
"o mundo seria mil vezes melhor sem americano",1,0
"porra, todo negro √© vitimista, sem exce√ß√£o",1,0
"aff, l√° vem a milit√¢ncia feminista encher o saco",1,0
"esse pessoal do candomble √© um c√¢ncer, s√≥ tem fan√°tico",1,0
"lugar de nego √© na cadeia, isso sim",1,0
"esse povo lgbt n√£o cansa de ser rid√≠culo?",1,0
"odeio esses americanos capitalistas com todas as minhas for√ßas ü§¢",1,0
"calem a boca, seus homens de merda",1,0
"s√≥ as puta pra defender uma porcaria dessas",1,0
"kkkkk nenguin tentando ser gente, q piada",1,0
"todo gay devia ser banido da internet",1,0
"essa ra√ßa de po√≠ticos √© toda desgracada",1,0
"caralho, como pode existir travesti ainda?",1,0
"vcs d√£o moral pra mulher e dps reclamam",1,0
"esses policiais s√≥ sabem destruir as coisas",1,0
"pra mim branco nem √© gente",1,0
"essa mode das mulher dan√ßar quase pelada √© nojenta, pqp",1,0
"o problema do brasil s√£o os politicos sebosos, sempre foram",1,0
"n√£o aguento mais olhar pra cara de VIADOOOOO",1,0
"sil√™ncio, um boiola est√° falando bosta",1,0
"tinha q proibir aleijado de existir",1,0
"bando de mulher arrombada, ta errada e ainda ganha apoio da manada",1,0
"essa ra√ßa do povo do acre √© imunda",1,0
"se √© viado, bom √© chupar rola calado",1,0
"todo dia uma biba diferente passando vergonha",1,0
"se eu vejo um cadeirante na rua eu atravesso a milh√£o",1,0
"a culpa dessa merda toda √© dos liso fudido, que n√£o tem um real nem pra fazer acontecer",1,0
"fogo nos brancos de direita!",1,0
"s√≥ esses palmerense pra ser t√£o mongoloide assim, papo reto",1,0
"esses cara que se paga de favelado s√£o a esc√≥ria da esc√≥ria",1,0
"n√£o tem q ter pena de bandido n√£o",1,0
"mano, viado e pobre √© td farinha do mesmo saco",1,0
"essa gentalha baitola tinha q sumir",1,0
"meu deus q √¢nsia dessas mulheres que protestam por qualquer coisa",1,0
"vcs s√£o todos uns facista de m*rda",1,0
"esses estuprado n√£o tem um pingo de c√©rebro",1,0
"qnd q v√£o parar de passar pano pra o aborto??Toda mulher tem que calar a boca e aceitar que a partir do momento que tem vida, n√£o pode matar",1,0
"essa galera da russia s√≥ ocupa espa√ßo no planeta",1,0        
"tenho repulsa de negroides",1,0
"o mundo t√° um lixo por causa dos indianos",1,0
"esses heterotop deviam voltar pro esgoto",1,0
"pqp, l√° vem o f√£ clube de viadinho",1,0
"todo cabelo cacheado √© ruim, √© fato",1,0
"Analfabeta n√£o √© humano, √© praga",1,0
"esse balofo s√≥ faz merda",1,0
"q nojo, rapariga falando de moralidade",1,0
"Esses macacos s√£o um c√¢ncer na sociedade",1,0
"Pqp, de novo as vadias fazendo merda puta que pariu",1,0
"Tinha que ser esses viadinhos pra falar uma bosta dessas",1,0
"N√£o aguento mais essa travesti prostituta enchendo o saco",1,0
"O problema do brasil s√£o esses petralhas, precisando de muito pau na boca",1,0
"Kkkkkk t√≠pico de homem escroto, sempre passando pano pro estupro",1,0
"Algu√©m precisa calar a boca desses viadinhos urgente",1,0
"Todo comunista √© burro ou se faz pqp?",1,0
"Que nojo dessa ra√ßa de primatas ü§Æ",1,0
"V√£o tudo pro inferno, bando de aberra√ß√£o lgbt fdp",1,0
"S√©rio msm que v√£o dar palanque pra essa puta se vender, vsf vao tudo pro inferno?",1,0
"Lugar de mulher arrogante √© na cozinha pra virar gente",1,0
"Odeio todos esses boilinhas com todas as minhas for√ßas",1,0
"P*rra, pq todo preto √© t√£o feio?",1,0
"Esses nordestinos deviam ser banidos da internet",1,0
"Aff, l√° vem as baleias com esse papinho vitimista, quer respeito fecha a boca",1,0
"N√£o suporto nem ouvir a voz false desses trans, isso nao √© saudavel pra criancas verem de exemplo",1,0
"Francamente, carioca √© tudo igual msm, bandido rico ou pobre ü§¶",1,0
"Essa gente americanizada me d√° √¢nsia, tudo com o pau de trump na boca e a bandeira dos eua no cu",1,0
"Os lgbt est√£o destruindo os valores da familia",1,0
"Que m*rda, s√≥ tem nazista burro defendendo isso",1,0
"Bando de eletista arrombado fdp, n sabem de nada",1,0
"mulher nem √© gente, hoje em dia √© tudo puta",1,0
"Deviam fazer uma lei pra proibir nordestino de existir",1,0
"Se vc √© gordo e defende eu ja te odeio automatico",1,0
"Kkkkkk olha o analfabeto passando vergonha dnv",1,0
"Zero paci√™ncia pra milit√¢ncia de imbecil que gosta de dar o cu",1,0
"Esses indiozinho s√£o uma praga",1,0
"O mundo seria melhor sem esses povo imundo invadindo pais dos outros, fato",1,0
"Pq os negros simplesmente n somem?",1,0
"N√£o d√° pra dialogar com esses criolos, √© perda de tempo",1,0
"Essa gentalha de esfomiado do sertao s√≥ sabe fazer barulho, povo sujo",1,0
"Vtnc bando de gamba feio pra porra",1,0
"Que p*rra, essas feministas tomaram conta dos comentarios, nunca vi tanta mulher feia junta",1,0
"Nao confio em ngm que √© a favor de ensinar as criancas oque √© essa doen√ßa gay, ainda querer ensinar como certo deploravel",1,0
"Vcs perceberam que toda feminista √© completamente desligada da realidade?",1,0
"Cansado de ver trans em todo lugar, negocio chato da porra. Fui num restaurante, ai pedi o n√∫mero de nega depois descobri que tinha piroca.pqpqpqpqpqp",1,0
"esses alphavela tinha que voltar pro esgoto de onde saiu",1,0
"√â impressionante como todo gay assumido √© insuport√°vel",1,0
"Os judeos s√£o o lixo da sociedade, mal se lembram que quase foram esterminados desse mundo, eria sido um favor",1,0
"Que raiva desses flamenguistas que s√≥ tem a camisa e n√£o sabe o nome de um jogador de merda",1,0
"Tomara que os lulistas se fodam muito. FAZ O L PAE!",1,0
"Esse tipo de velho tinha que apanhar na rua ou algum parente tinha que acorrentar em casa",1,0
"Pqp q vagabundas chatas do caralho",1,0
"Odeio viadoooooo mais que tudo ü§¢ü§Æ",1,0
"Sempre os hetrozinho com um carro e sem um diploma pra estragar o dia",1,0
"Como pode existir pessoa que segue outra religi√£o que n√£o seja o catolicismo em pleno 2025?",1,0
"Todos os pretos escuros favelados sem uma casa pra morar deveriam ser presos, isso sim",1,0
"Essa praga de viado lascado biba nojento que n√£o sabe de nada n√£o acaba nunca, mds",1,0


"adicionando os samples do olid com minha filtragem",0,0

"lament√°vel acredita que existe pessoas que ap√≥ia o LGBT",1,0
"pois √©,decaiu depois de sofrer uma lavagem cerebral das feministas",1,0
"Homem √© um bicho estranho ao mesmo tmp rid√≠culo ü§£",1,0
"A MULHER COM DIGUINIDADE E TER UM BOM CARATER, NA√ï VOTA NO CANALHA MULHERES VAGABUNDA E SEM VERGONHA VOTA NELE.",1,0
"da s√©rie ningu√©m respeita vers√£o: os argentinos üòÇüòÇüòÇüòÇüòÇüòÇüòÇüòÇüòÇüòÇüòÇüòÇüòÇ",1,0
"voc√™s s√£o umas otarias da merda! n√£o ligam um caralho ao Porto b mas quando o Porto diz que alguma coisa do Porto b √© de gra√ßa voc√™s at√© correm feitas cadelas! nojo de voc√™s.",1,0
"fazendo essa parada de baitola pra dizer uma coisa importante voc√™s s√£o viados, boa noite rapaziada",1,0
"Meu deus o cara ri como se nada tivesse acontecido, como se tivesse matado um c√£o, essa hora a filha esta no cemit√©rio e eles ai rindo ele √© a certeza da impunidade desse pais nojente, tenho nojo desse brasil.",1,0
"Eu defendo os gays em sites evang√©licos, mas quem tem que ensinar tudo s√£o os pais.Boa jogada do BK, copiou do Botic√°rio üòÇüòÇüòÇ Respeito os gays,convivi com um,bem que esse gostava de ser bancado por um senhor,n√£o queria trabalhar, e vivia dando chifre no senhor que o bancava. Mas ele come√ßou a ser ap√≥s ser violentado, tinha jeito de homem, e dizia querer mudar. Mas n√£o se empenhava. Existem casos que se tornaram gays por estupro.",1,0
"Torcendo para os atletas oportunistas trans dominarem todos os esportes femininos! Quero ver o bug na cabe√ßa das feminazis e ver se as atletas se rebelam contra esse absurdo!",1,0
"Povo ignorante bota um sujeito assim pra fazer fazer e votar lei, depois reclama que a lei n√£o presta. URL",1,0
"Pra mim tinha que cortar tudo esse povo esses parasitas Andr√©! Aqui pra n√≥s..ohs nega estranha parece uma sapa!",1,0
"Essa menina s√≥ fala merda .. enganar gente burra √© f√°cil, basta falar bonitinho mas sem conte√∫do nenhum. Boa USER... Voc√™ n√£o tem o estudo que ela tem mas enxerga melhor a realidade do que essa hip√≥crita",1,0
"Nunca vi alem√£o pedir nazismo de volta, nem USER fascismo, nem USER fascismo de Pinochet, nem USER fascismo de Franco. √â s√≥ brasileiro USER pede ditadura. Pa√≠s merdinha, viu",1,0
"USER bunda mole, tu deixou teu time jogar 5 vezes a s√©rie B kkkk, torcida mais frouxa e covarde que existe. Tirou o pau do Flamengo da boca j√°? Atomozinho penta s√©rie B",1,0
"Brasil continua sendo ridicularizado internacionalmente. Outros pa√≠ses mais desenvolvidos fazem chacota com essas posi√ß√µes fan√°ticas, desse povo imbecil.",1,0
"USER Eu apoio tu ir em mais dois treinos e bater boca com essas arrombada",1,0
"eu acho que sou homof√≥bico pois eu n√£o apoio em nada essa propaganda com as crian√ßas!",1,0
"grupo de gayzao credo",1,0
"mulher quando fica gr√°vida fica burra!quando come√ßa o n√≠vel de burrice e eu pergunto se √© gestante, se a respsta √© 'sim' eu ate ja entendo!",1,0
"Brasil n√£o tem conserto, somos cafonas, atrasados e ignorantes, e ainda temos escolas militares, tamos fodidos.",1,0
"USER  sim, a mulher quem sai como a doida da hist√≥ria, sempre.",1,0
"Falo tudo! Exelente, por mais que tenha demorado 10 hrs pra fazer que nem a(o) inutil falo ali em baixo (sabe deus se √© mulher ou homem hoje em dia..) com certeza vlw super apena pra abrir os olhos desse bando de putinhas virgens q est√£o loucas pra dar a bunda esperando o fdp do principe vir com uma cal√ßa vermelha e um oculos sem lente pra escutar MUITA USER USERnora! -.- whatever, USER queria agradecer. Fa√ßa muitos muitos videos e tenha sucesUSER pra falar abertamente suas ideias, o mundo precisa.",1,0




