text,1,0
"Na moral, t√¥ cansado desses negros enchendo o saco",1.0,0.0
O Rio Grande do Sul acha que o mundo gira em volta deles kkk,1.0,0.0
"Mano, todo dia um carioca falando bosta na timeline",1.0,0.0
"Essas mulheres vivem de drama, merda",1.0,0.0
S√≥ podia ser puta pra fazer um neg√≥cio desse,1.0,0.0
"Vai ver, √© coisa de viado mesmo",1.0,0.0
Esses √≠ndios n√£o cansam de passar vergonha?,1.0,0.0
"T√≠pico comportamento de pirralho, aff",1.0,0.0
Quando vejo um homem j√° sei que vem merda por a√≠,1.0,0.0
Os velhos adoram se fazer de v√≠tima n√©,1.0,0.0
Esses deficientes vivem num mundo paralelo kkk,1.0,0.0
"Pqp, mais uma crist√£ querendo dar opini√£o",1.0,0.0
"Esses budistas se acham superiores, que piada",1.0,0.0
Tem coisa que s√≥ um homem bomba √© capaz de fazer,1.0,0.0
"Meu Deus, brasileiro √© tudo igual",1.0,0.0
"Esses judeus t√£o em todo canto, credo",1.0,0.0
"Sempre que uma mediocre fala, sai besteira",1.0,0.0
"Esses povos ciganos n√£o servem pra nada, srrs",1.0,0.0
√â cada sapat√£o que aparece kkk,1.0,0.0
Esses n√£o bin√°rios se juntam e acham que mandam no mundo,1.0,0.0
Ningu√©m aguenta mais os trans querendo aten√ß√£o,1.0,0.0
"J√° vi que a culpa √© dos bissexuais, como sempre",1.0,0.0
Os asiaticos s√≥ sabem arrumar confus√£o,1.0,0.0
"Mais um dia, mais um umbandista falando merda",1.0,0.0
Esses gordos t√™m pregui√ßa at√© de pensar,1.0,0.0
"Se depender dos mul√ßumanos, o mundo acaba amanh√£",1.0,0.0
Esses candombles n√£o aprendem nunca,1.0,0.0
N√£o d√° pra levar sulista a s√©rio kkk,1.0,0.0
"S√≥ podia ser coisa de baitola, sinceramente",1.0,0.0
Mulher negra √© sin√¥nimo de problema,1.0,0.0
Esses trans vivem reclamando e n√£o fazem nada,1.0,0.0
√â impressionante como biba fala besteira,1.0,0.0
"Esses autistas se acham donos da verdade, pqp",1.0,0.0
"Todo chineses √© igual, s√≥ muda o nome",1.0,0.0
Esses veios n√£o conseguem ficar calados um dia,1.0,0.0
"Mano, n√£o d√° pra discutir com obesos, √© perda de tempo",1.0,0.0
Os mentigo t√™m a mania de se vitimizar,1.0,0.0
"Cada vez que um feminista abre a boca, morre um neur√¥nio",1.0,0.0
S√≥ pretos pra achar isso normal,1.0,0.0
Esses afeminados vivem num mundo de fantasia,1.0,0.0
Parece que ser loira √© sin√¥nimo de burrice,1.0,0.0
"Esses flamenguistas se acham inteligentes, mas √© s√≥ pose",1.0,0.0
"N√£o confio em escuros, nunca d√° bom",1.0,0.0
Esses palestinos estragam tudo onde passam,1.0,0.0
Favelados n√£o sabem o que √© respeito mesmo,1.0,0.0
"Esses pobres t√£o cada vez piores, aff",1.0,0.0
√â s√≥ um depressivo pra n√£o entender o b√°sico,1.0,0.0
Esses macho acham bonito ser ignorante,1.0,0.0
"N√£o sei o que √© pior, hetero ou quem defende eles",1.0,0.0
"Essas prostitutas vivem de mimimi, merda",1.0,0.0
esses nordestino s√£o a desgra√ßa do pais,1.0,0.0
n√£o sei pq crian√ßa ainda tem direito a opini√£o,1.0,0.0
tinha q mandar todos os islamico de volta pra casa nesse carai,1.0,0.0
"q nojo dessas trans, bando de seboso",1.0,0.0
o mundo seria mil vezes melhor sem americano,1.0,0.0
"porra, todo negro √© vitimista, sem exce√ß√£o",1.0,0.0
"aff, l√° vem a milit√¢ncia feminista encher o saco",1.0,0.0
"lugar de nego √© na cadeia, isso sim",1.0,0.0
odeio esses americanos capitalistas com todas as minhas for√ßas ü§¢,1.0,0.0
"calem a boca, seus homens de merda",1.0,0.0
s√≥ as puta pra defender uma porcaria dessas,1.0,0.0
"kkkkk nenguin tentando ser gente, q piada",1.0,0.0
todo gay devia ser banido da internet,1.0,0.0
"caralho, como pode existir travesti ainda?",1.0,0.0
vcs d√£o moral pra mulher e dps reclamam,1.0,0.0
esses policiais s√≥ sabem destruir as coisas,1.0,0.0
pra mim branco nem √© gente,1.0,0.0
"o problema do brasil s√£o os politicos sebosos, sempre foram",1.0,0.0
n√£o aguento mais olhar pra cara de VIADOOOOO,1.0,0.0
"sil√™ncio, um boiola est√° falando bosta",1.0,0.0
tinha q proibir aleijado de existir,1.0,0.0
"bando de mulher arrombada, ta errada e ainda ganha apoio da manada",1.0,0.0
"se √© viado, bom √© chupar rola calado",1.0,0.0
todo dia uma biba diferente passando vergonha,1.0,0.0
se eu vejo um cadeirante na rua eu atravesso a milh√£o,1.0,0.0
"a culpa dessa merda toda √© dos liso fudido, que n√£o tem um real nem pra fazer acontecer",1.0,0.0
fogo nos brancos de direita!,1.0,0.0
"s√≥ esses palmerense pra ser t√£o mongoloide assim, papo reto",1.0,0.0
esses cara que se paga de favelado s√£o a esc√≥ria da esc√≥ria,1.0,0.0
n√£o tem q ter pena de bandido n√£o,1.0,0.0
"mano, viado e pobre √© td farinha do mesmo saco",1.0,0.0
meu deus q √¢nsia dessas mulheres que protestam por qualquer coisa,1.0,0.0
vcs s√£o todos uns facista de m*rda,1.0,0.0
esses estuprado n√£o tem um pingo de c√©rebro,1.0,0.0
"qnd q v√£o parar de passar pano pra o aborto??Toda mulher tem que calar a boca e aceitar que a partir do momento que tem vida, n√£o pode matar",1.0,0.0
tenho repulsa de negroides,1.0,0.0
o mundo t√° um lixo por causa dos indianos,1.0,0.0
esses heterotop deviam voltar pro esgoto,1.0,0.0
"pqp, l√° vem o f√£ clube de viadinho",1.0,0.0
"todo cabelo cacheado √© ruim, √© fato",1.0,0.0
"Analfabeta n√£o √© humano, √© praga",1.0,0.0
"q nojo, rapariga falando de moralidade",1.0,0.0
Esses macacos s√£o um c√¢ncer na sociedade,1.0,0.0
"Pqp, de novo as vadias fazendo merda puta que pariu",1.0,0.0
Tinha que ser esses viadinhos pra falar uma bosta dessas,1.0,0.0
"O problema do brasil s√£o esses petralhas, precisando de muito pau na boca",1.0,0.0
"Kkkkkk t√≠pico de homem escroto, sempre passando pano pro estupro",1.0,0.0
Algu√©m precisa calar a boca desses viadinhos urgente,1.0,0.0
Todo comunista √© burro ou se faz pqp?,1.0,0.0
Que nojo dessa ra√ßa de primatas ü§Æ,1.0,0.0
"V√£o tudo pro inferno, bando de aberra√ß√£o lgbt fdp",1.0,0.0
Lugar de mulher arrogante √© na cozinha pra virar gente,1.0,0.0
Odeio todos esses boilinhas com todas as minhas for√ßas,1.0,0.0
"P*rra, pq todo preto √© t√£o feio?",1.0,0.0
Esses nordestinos deviam ser banidos da internet,1.0,0.0
"N√£o suporto nem ouvir a voz false desses trans, isso nao √© saudavel pra criancas verem de exemplo",1.0,0.0
"Francamente, carioca √© tudo igual msm, bandido rico ou pobre ü§¶",1.0,0.0
Os lgbt est√£o destruindo os valores da familia,1.0,0.0
"Que m*rda, s√≥ tem nazista burro defendendo isso",1.0,0.0
"Bando de eletista arrombado fdp, n sabem de nada",1.0,0.0
"mulher nem √© gente, hoje em dia √© tudo puta",1.0,0.0
Deviam fazer uma lei pra proibir nordestino de existir,1.0,0.0
Kkkkkk olha o analfabeto passando vergonha dnv,1.0,0.0
Zero paci√™ncia pra milit√¢ncia de imbecil que gosta de dar o cu,1.0,0.0
Esses indiozinho s√£o uma praga,1.0,0.0
"O mundo seria melhor sem esses povo imundo invadindo pais dos outros, fato",1.0,0.0
Pq os negros simplesmente n somem?,1.0,0.0
"N√£o d√° pra dialogar com esses criolos, √© perda de tempo",1.0,0.0
Vtnc bando de gamba feio pra porra,1.0,0.0
"Que p*rra, essas feministas tomaram conta dos comentarios, nunca vi tanta mulher feia junta",1.0,0.0
Vcs perceberam que toda feminista √© completamente desligada da realidade?,1.0,0.0
"Cansado de ver trans em todo lugar, negocio chato da porra. Fui num restaurante, ai pedi o n√∫mero de nega depois descobri que tinha piroca.pqpqpqpqpqp",1.0,0.0
esses alphavela tinha que voltar pro esgoto de onde saiu,1.0,0.0
√â impressionante como todo gay assumido √© insuport√°vel,1.0,0.0
"Os judeos s√£o o lixo da sociedade, mal se lembram que quase foram esterminados desse mundo, eria sido um favor",1.0,0.0
Que raiva desses flamenguistas que s√≥ tem a camisa e n√£o sabe o nome de um jogador de merda,1.0,0.0
Tomara que os lulistas se fodam muito. FAZ O L PAE!,1.0,0.0
Pqp q vagabundas chatas do caralho,1.0,0.0
Odeio viadoooooo mais que tudo ü§¢ü§Æ,1.0,0.0
Sempre os hetrozinho com um carro e sem um diploma pra estragar o dia,1.0,0.0
Como pode existir pessoa que segue outra religi√£o que n√£o seja o catolicismo em pleno 2025?,1.0,0.0
"Todos os pretos escuros favelados sem uma casa pra morar deveriam ser presos, isso sim",1.0,0.0
lament√°vel acredita que existe pessoas que ap√≥ia o LGBT,1.0,0.0
"pois √©,decaiu depois de sofrer uma lavagem cerebral das feministas",1.0,0.0
Homem √© um bicho estranho ao mesmo tmp rid√≠culo ü§£,1.0,0.0
"A MULHER COM DIGUINIDADE E TER UM BOM CARATER, NA√ï VOTA NO CANALHA MULHERES VAGABUNDA E SEM VERGONHA VOTA NELE.",1.0,0.0
da s√©rie ningu√©m respeita vers√£o: os argentinos üòÇüòÇüòÇüòÇüòÇüòÇüòÇüòÇüòÇüòÇüòÇüòÇüòÇ,1.0,0.0
voc√™s s√£o umas otarias da merda! n√£o ligam um caralho ao Porto b mas quando o Porto diz que alguma coisa do Porto b √© de gra√ßa voc√™s at√© correm feitas cadelas! nojo de voc√™s.,1.0,0.0
"Povo ignorante bota um sujeito assim pra fazer fazer e votar lei, depois reclama que a lei n√£o presta. URL",1.0,0.0
"Nunca vi alem√£o pedir nazismo de volta, nem USER fascismo, nem USER fascismo de Pinochet, nem USER fascismo de Franco. √â s√≥ brasileiro USER pede ditadura. Pa√≠s merdinha, viu",1.0,0.0
"USER bunda mole, tu deixou teu time jogar 5 vezes a s√©rie B kkkk, torcida mais frouxa e covarde que existe. Tirou o pau do Flamengo da boca j√°? Atomozinho penta s√©rie B",1.0,0.0
"Brasil continua sendo ridicularizado internacionalmente. Outros pa√≠ses mais desenvolvidos fazem chacota com essas posi√ß√µes fan√°ticas, desse povo imbecil.",1.0,0.0
USER Eu apoio tu ir em mais dois treinos e bater boca com essas arrombada,1.0,0.0
grupo de gayzao credo,1.0,0.0
"mulher quando fica gr√°vida fica burra!quando come√ßa o n√≠vel de burrice e eu pergunto se √© gestante, se a respsta √© 'sim' eu ate ja entendo!",1.0,0.0
"Brasil n√£o tem conserto, somos cafonas, atrasados e ignorantes, e ainda temos escolas militares, tamos fodidos.",1.0,0.0
"USER  sim, a mulher quem sai como a doida da hist√≥ria, sempre.",1.0,0.0
"Falo tudo! Exelente, por mais que tenha demorado 10 hrs pra fazer que nem a(o) inutil falo ali em baixo (sabe deus se √© mulher ou homem hoje em dia..) com certeza vlw super apena pra abrir os olhos desse bando de putinhas virgens q est√£o loucas pra dar a bunda esperando o fdp do principe vir com uma cal√ßa vermelha e um oculos sem lente pra escutar MUITA USER USERnora! -.- whatever, USER queria agradecer. Fa√ßa muitos muitos videos e tenha sucesUSER pra falar abertamente suas ideias, o mundo precisa.",1.0,0.0
"vou come√ßar a andar de burca ai essas coisas n√£o acontecem, ou sim j√° que homem √© um ser desgra√ßado",1.0,0.0
"pa√≠s do caos, pa√≠s da vergonha...povo ridiculo",1.0,0.0
"meninas virgens e revoltadas que est√£o P. da vida, s√≥ tenho uma coisa a dizer: VOC√äS TEM PROBLEMINHA xD",1.0,0.0
"N√£o √© poss√≠vel que alguem honestamente ache que o monark, um dos maiores defensores das liberdades individuais com voz relevante no debate p√∫blico defenda ideias totalitarias como do nazismo... Fico triste do flow perder uma de suas pe√ßas fundamentais... fico triste das pessoas no brasil serem t√£o mal intencionadas e maldosas... E fico ainda mais triste sabendo que a hipocrisia reina nesse pa√≠s de merda, onde defensores abertos e auto declarados de ditaduras censuras e repress√£o das liberdades individuais, s√≥ que de ESQUERDA, n√£o s√£o se quer tratados como extremistas, tendo ainda voz relevante no debate p√∫blico... Sinceramente, o USER n√£o tem solu√ß√£o, vai se afundar no mesmo buraco a que todos os pa√≠ses da am√©rica latina est√£o fadados.",1.0,0.0
"ta na hora de faze um video sobre BRASILEIROS ot√°rio que ficam escrevendo em ingles, porque ?",1.0,0.0
"RT USER: S√£o feministas mais s√≥ querem gozzaar com homens? Voc√™s gostam mesmo √© de homem hipocritas, os jovens s√£o massa de ma‚Ä¶",1.0,0.0
Tenho muita pena pois brasileiro se vende por ilusoes pol√≠tico nenhum presta tudo bandido,1.0,0.0
Tudo indiota brasileiro √© burro demais,1.0,0.0
>>62237>chamo outro an√£o de samefag>vai l√° quotaral√©m de burro √© judeu.,1.0,0.0
USER KKKKKKKKKKKKKKKKK sai fora continuo odiandi gay lesbica sapatao,1.0,0.0
USER USER Brasileiro √© escroto demais,1.0,0.0
"Todo dia sai uma puta e um tarado pelas ruas, um dia eles se encontram.",1.0,0.0
Odeio amanhecer com putas e veado e chega o h√©tero com dinheiro que paga tudo e escolhe a m√∫sica. Toda hora fico desmaiando,1.0,0.0
"RT USER: USER cabeludinho √© uma ra√ßa maldita, espero que tomem bala perdida sem querer",1.0,0.0
homem eh um bicho mt estranho,1.0,0.0
Ainda bem que gay n√£o se reproduz..,1.0,0.0
agora que eu t√¥ sozinho nesse mal caminho cheio de piranha querendo me dar,1.0,0.0
esses maconheiro tudo tem q se fude memo,1.0,0.0
"prefiro morrer q ouvir funkeiro falar, lixo puro",1.0,0.0
traveco q n sabe cozinhar devia ter vergonha na cara,1.0,0.0
neguin pisa no meu t√™nis q eu quebro a perna dele,1.0,0.0
viado tem q voltar pro armario e calar a boca,1.0,0.0
evangelica √© tudo hipocrita do krl,1.0,0.0
"nega tem depress√£o √© fresca, era pra aguentar q nem gente",1.0,0.0
esses nordestino vem pra c√° sujar nossa cidade,1.0,0.0
traveco de 30+ solteira √© sinal de problema,1.0,0.0
gordo deveria pagar 2 passagem msm,1.0,0.0
prefiro meu cachorro q qualquer petista,1.0,0.0
se usa pronome neutro tem doen√ßa na cabe√ßa,1.0,0.0
"indio devia era sumir msm, atraso do caralho",1.0,0.0
"esses japa tudo igual, n sei quem √© quem",1.0,0.0
traveco q posta foto de biquini √© tudo piranha,1.0,0.0
pobre tem q parar de frescura e trabalhar,1.0,0.0
"crian√ßa autista devia estar em casa, n atrapalhando",1.0,0.0
"vegano √© doen√ßa, comer folha igual boi",1.0,0.0
"quem √© gay n pode ter filho, estraga a crian√ßa",1.0,0.0
mulher q n quer filho √© ego√≠sta do krl,1.0,0.0
esses emo tudo cortado devia se matar logo,1.0,0.0
quem √© trans √© s√≥ homem doente vestido de mulher,1.0,0.0
feminista gorda e feia pq ngm quer elas msm,1.0,0.0
quem √© de esquerda tem q se fuder e calar a boca,1.0,0.0
"esses judeu s√≥ pensa em dinheiro, pilantra",1.0,0.0
quem tem HIV √© vagabundo q n se cuida,1.0,0.0
mulher q trabalha mais q homem √© lesbica,1.0,0.0
esses cat√≥lico √© tudo ped√≥filo escondido,1.0,0.0
coreano s√≥ sabe copiar os outros,1.0,0.0
se √© nerd √© virj√£o q n pega ngm,1.0,0.0
geral q tem tatuagem √© um marginal do krl,1.0,0.0
quem √© gordo e come fast food s√≥ pode ser burro msm,1.0,0.0
"esses bruxo tudo doido, devia ser preso",1.0,0.0
"ateu n tem moral nenhuma, vao tudo pro inferno",1.0,0.0
se √© rico √© tudo psicopata sem cora√ß√£o,1.0,0.0
todo povo que √© de direita √© fascista do caralho,1.0,0.0
esses artista lgbtq s√≥ faz propaganda bosta,1.0,0.0
"surdo devia aprender a ouvir logo, atrapalha minha paz",1.0,0.0
pqp cadeirante s√≥ atrapalha no bus√£o,1.0,0.0
agora gringo que vir aqui falar merda da gente,1.0,0.0
"pardo √© desculpa pra gnt confusa, n sabem oq quer",1.0,0.0
professor √© tudo comunista vagabundo,1.0,0.0
todo policial √© assassino fardado,1.0,0.0
"porra jornalista tudo vendido, n confio",1.0,0.0
porque todo influencer √© so burro q ficou famoso,1.0,0.0
se voce se chama de gamer significa que √© virj√£o q n sai de casa,1.0,0.0
"esses roqueiro tudo drogado, n serve pra nada",1.0,0.0
"quem √© vegano devia comer carne logo, frango n mata ngm",1.0,0.0
esses viado deviam voltar pro armario qnd eu era mlk nem existia bicha assumida,1.0,0.0
mulher no volante acidente constante √© lei da natureza memo,1.0,0.0
"preto so sabe fazer baderna e pedir esmola, trabalhar q √© bom nada",1.0,0.0
se dependesse de mim todo nordestino tava de volta na ro√ßa plantando feijao,1.0,0.0
"esses japa tudo igual, olho puxado e roubando nosso emprego",1.0,0.0
"gordo devia pagar dois ingresso no cinema, ocupa espaco demais",1.0,0.0
"mulher q n sabe cozinhar √© inutil, lugar dela √© na cozinha memo",1.0,0.0
"indio s√≥ serve pra beber cacha√ßa e viver de bolsa familia, deviam ter matado tudo",1.0,0.0
"evangelico √© tudo falso, finge ser santo mas √© mais safado q ninguem",1.0,0.0
"viado n devia poder adotar crian√ßa, vao estragar a cabe√ßa da crian√ßa",1.0,0.0
"esses mu√ßulmano vem pro brasil querendo impor a lei deles, vao embora terrorista",1.0,0.0
"mulher de 30+ solteira √© sinal de q tem algo muito errado, deve ser insuportavel",1.0,0.0
"negro q se acha, pensa q pq tem nike √© gente, continua sendo macaco",1.0,0.0
"gente pobre n devia ter filho, so faz mais pobre pra sociedade",1.0,0.0
"esses traveco devia ser preso, nao √© homem nem mulher √© aberra√ß√£o",1.0,0.0
feminista √© tudo gorda feia q n consegue homem entao fica militando,1.0,0.0
"crian√ßa autista √© culpa da vacina, os pais q aceitam isso sao retardados",1.0,0.0
"brasileiro √© tudo ladr√£o, nasci no pais errado com esses fdp",1.0,0.0
"asiatico nao sabe dirigir, deviam tirar a carteira de todo japa chines",1.0,0.0
"mulher trans √© homem doente, precisa de tratamento psiquiatrico urgente",1.0,0.0
esses nordestino vem pro sul roubar nosso emprego e favelizar tudo,1.0,0.0
"gente feia devia ser obrigada a usar mascara, me da nojo so de olhar",1.0,0.0
"negro q fala q sofre racismo √© mimimi, querem sempre vitimismo",1.0,0.0
"vegano √© tudo doente da cabe√ßa, deviam comer uma carne logo",1.0,0.0
"esses judeu controla o mundo inteiro, sao todos ricos e pilantra",1.0,0.0
"mulher q tem muito piercing √© vagabunda, marca de puta mesmo",1.0,0.0
"indio devia sumir mesmo, atraso do pais √© culpa deles",1.0,0.0
"gordo n devia poder usar roupa curta, ninguem quer ver isso",1.0,0.0
"esses gay fazem parada so pra provocar, deviam voltar pro armario",1.0,0.0
"mulher negra √© tudo grosseria, nao tem educa√ß√£o nem classe",1.0,0.0
"brasileiro √© burro por natureza, por isso o pais nunca vai pra frente",1.0,0.0
"travesti √© tudo marginal, vive de prostitui√ß√£o e roubo",1.0,0.0
"esses emo sao tudo fresa doente, se acham diferentes mas sao pateticos",1.0,0.0
gente pobre tem q parar de ter netflix e pagar aluguel primeiro,1.0,0.0
"asiatico √© tudo feio igual, nao tem um q se salva",1.0,0.0
"mulher q n quer ter filho √© egoista, biologicamente falhando",1.0,0.0
"negro q fala ingles √© ridiculo, tentando ser o q nao √©",1.0,0.0
"esses maconheiro deviam ser preso, viciado n presta",1.0,0.0
"evangelico q da dizimo √© mais burro q porta, cai no conto do pastor",1.0,0.0
"gordo come igual porco, nao tem auto controle nenhum",1.0,0.0
viado fazendo cirurgia √© desperdicio de dinheiro do sus,1.0,0.0
"nordestino tem sotaque ridiculo, da vergonha de ouvir",1.0,0.0
"mulher trans nunca vai ser mulher de verdade, sempre vai ser homem",1.0,0.0
"esses japa sao todos iguais, nao da pra diferenciar um do outro",1.0,0.0
"gente feia n devia postar selfie, ta achando q √© gente bonita",1.0,0.0
"preto q se acha influencer √© piada, so tem 10 segundos de fama",1.0,0.0
"vegano devia ser obrigado a comer carne, sao todos desnutridos",1.0,0.0
"brasileiro √© tudo pobre e feliz, aceita migalha e ainda agradece",1.0,0.0
"esses crente do caralho fica batendo em mulher e depois vem falar de deus, devia ser esterilizado coletivo",1.0,0.0
"mulher gorda de calcinha √© crime visual, meu psiquiatra cobra mais caro depois disso",1.0,0.0
"paraguaio vem aqui vender lim√£o caro e ainda rouba nosso ouo, devia ter fronteira fechada",1.0,0.0
"trans √© doente mental que usa dinheiro publico pra mutilar o corpo, deveria pagar do proprio bolso",1.0,0.0
"negrada fica falando de cultura mas so sabe fazer funk lixo e usar droga, cultura de merda",1.0,0.0
"esses japa fudido nao sabe falar portugues direito, devia voltar pro japao fazer sushi",1.0,0.0
feminista de cabelo roxo √© tudo gorda fracassada que nao consegue nem marido,1.0,0.0
"indio vagabundo vive de bolsa familia e ainda reclama, devia trabalhar igual gente",1.0,0.0
"viado assumido em escola √© perigo, vao converter as criancas pra bicha",1.0,0.0
"nordestino tem mentalidade de escravo, vota no lula e fica pobre eterno",1.0,0.0
"gente pobre nao devia ter direito a celular novo, usa dinheiro do governo pra ostentar",1.0,0.0
"mulher de 40 solteira √© sinal de louca, deve ter gato e 50 gato de estima√ß√£o",1.0,0.0
"negro q fala de racismo reverso √© burro, nunca foi escravizado de verdade",1.0,0.0
"emo cortador √© tudo adolescente mimado que quer aten√ß√£o, devia se matar logo",1.0,0.0
"gordo nao devia poder comer em publico, me da nojo ver eles se empanturrando",1.0,0.0
"brasileiro √© tudo corno manso, aceita imposto e ainda defende politico ladrao",1.0,0.0
"traveco de programa √© doente, transmite aids pra caralho e ainda cobra caro",1.0,0.0
"esses judeu rico controla midia e banco, sao todos sionistas fdp",1.0,0.0
"mulher q faz tatuagem na costela √© puta, so marca de vagabunda",1.0,0.0
"asiatico fudido nao sabe dirigir, devia andar de burro mesmo",1.0,0.0
"crian√ßa autista √© falha genetica, devia ser abortada na primeira ultrassom",1.0,0.0
"viado q adota crian√ßa √© pedofilo disfar√ßado, vao estragar a crian√ßa",1.0,0.0
"nordestino come pao com ovo e acha q √© jantar, pobre de merda",1.0,0.0
"gente feia devia pagar imposto extra por feiura, me traumatiza no metro",1.0,0.0
"negro q se acha intelectual √© piada, copia textos e acha q √© phd",1.0,0.0
"vegano √© tudo magrelo doente, parece q ta em campanha de fome",1.0,0.0
"esses crente da universal da dinheiro pro pastor comprar jatinho, burro do caralho",1.0,0.0
"gordo transpirando no onibus √© tortura, cheiro de queijo velho",1.0,0.0
"mulher trans nunca vai ter utero, sempre vai ser homem deformado",1.0,0.0
paraguaio fala espanhol torto e ainda vem dar aula de portugues,1.0,0.0
"brasileiro √© tudo ladr√£o de merda, nasci no pais errado com esses fdp",1.0,0.0
"emo de 30 anos √© fracassado cr√¥nico, devia arrumar emprego logo",1.0,0.0
"gente pobre fica postando foto de iphone mas mora em favela, iludido",1.0,0.0
"esses japa sao todos feios com orelha de abano, nao tem um q preste",1.0,0.0
"mulher q nao quer ser mae √© anti-natural, falhando como ser humano",1.0,0.0
"negro q fala certinho √© rid√≠culo, tentando ser branco de alma",1.0,0.0
"travesti √© aberra√ß√£o da natureza, nem deus quis fazer direito",1.0,0.0
"nordestino tem cabe√ßa de barata, vota no lula ate morrer de fome",1.0,0.0
"gordo come igual animal, faz barulho e tudo, porco humano",1.0,0.0
"viado q usa banheiro feminino √© estuprador, devia ser preso na hora",1.0,0.0
"esses indio bebe cacha√ßa e bate na mulher, cultura primitiva do caralho",1.0,0.0
"mulher gorda de biquini √© assault visual, meu psicologo aumentou o pre√ßo",1.0,0.0
"brasileiro aceita ser explorado e ainda diz obrigado, povo de merda",1.0,0.0
"mu√ßulmano com barba grande √© terrorista em potencial, devia ser monitorado",1.0,0.0
"feminista gorda √© invejosa das magras, fica militando pq ninguem quer",1.0,0.0
"negro q fala de quilombo √© retardado, quer viver no passado de escravo",1.0,0.0
"esses judeu rico da havan devia ser deportado, vem explorar brasileiro",1.0,0.0
"trans de 2 metros √© homem gigante disfar√ßado, da medo de olhar",1.0,0.0
"Isso apenas e o reflexo dos ""cidadaos"" brasileiro oo ra√ßa ruim . pra si dar geito nesse pais so uma bomba atomica pra matar tds (incluindo a min) e repovoar cm outros povos prq USER e tudo uma desgra√ßa s√≥.",1.0,0.0
O casal l√©sbico est√° muito feminino. N√£o est√° convincente.,1.0,0.0
USER Eles sabem das rachadinhas da fam√≠licidia kkkkkk al√©m de ladr√µes s√£o burros de pai para filhos. Suas horas v√£o chegar!,1.0,0.0
"Se defendemos a uni√£o homossexual com o pressuposto de que ""toda forma de amor"" √© aceit√°vel, ent√£o ser√° aceit√°vel a bestialidade e a pedofilia e o incesto!",1.0,0.0
"USER USER os falsos nacionalistas se apropriaram da bandeira, mas gostam de babar um ovo de americano.",1.0,0.0
"USER USER ""Ficar√£o de fora os c√£es e os feiticeiros, e os que se prostituem, e os homicidas, e os id√≥latras, e qualquer que ama e comete a mentira."" USER USER - Onde se fala de Homossexuais?",1.0,0.0
Voc√™s da periferia s√£o mt atentos e cheios de pega,1.0,0.0
"Os caras do sul s√£o melhores mt arrogantes, sempre achando que s√£o",1.0,0.0
Esses caras do interior sabem s√≥ dizer que o sul √© pobre,1.0,0.0
Mulheres s√£o mt chatas e sempre reclamam do que n√£o √©,1.0,0.0
Esses homens de l√° s√£o mt preconceitos e nem sabem o que √© senso,1.0,0.0
"Voc√™s dos carros s√£o mt fdp, sempre achando que s√£o os melhores",1.0,0.0
Esses negros s√£o mt tristes e cheios de podre,1.0,0.0
Mulheres da minha idade s√£o mt chatas e sempre querem dominar,1.0,0.0
"Esses caras da nossa gera√ß√£o s√£o mt burros, n√£o entendem nada",1.0,0.0
"Os caras de l√° s√£o mt arrogantes, sempre achando que s√£o os melhores",1.0,0.0
"Esses homens s√£o mt cheios de ego, nem sabem o que √© humildade",1.0,0.0
Voc√™s da outra gera√ß√£o s√£o mt preconceituosos e nem sabem o que √© respeito,1.0,0.0
"Esses caras do mercado s√£o mt fdp, sempre aumentando o pre√ßo",1.0,0.0
"Mulheres s√£o mt complicadas, sempre querem controlar a situa√ß√£o",1.0,0.0
"Esses homens s√£o mt chatos, n√£o sabem se divertir",1.0,0.0
"Voc√™s dos carros s√£o mt fdp, nem sabem o que √© educa√ß√£o",1.0,0.0
"Esses caras da periferia s√£o mt desonestos, sempre roubando",1.0,0.0
"Esses homens s√£o mt cheios de vaidade, nem sabem o que √© humildade",1.0,0.0
"Mulheres da minha idade s√£o mt chatas, sempre querem dominar",1.0,0.0
"Esses caras do sul s√£o mt arrogantes, sempre achando que s√£o os melhores",1.0,0.0
"Voc√™s dos carros s√£o mt fdp, nem sabemos o que √© educa√ß√£o",1.0,0.0
"Esses homens s√£o mt cheios de ego, nem sabem o que √© humildade",1.0,0.0
"Mulheres s√£o mt complicadas, sempre querem controlar a situa√ß√£o",1.0,0.0
"Esses caras da nossa gera√ß√£o s√£o mt burros, n√£o entendem nada",1.0,0.0
"Esses homens s√£o mt chatos, nem sabem se divertir",1.0,0.0
Voc√™s da periferia s√£o mt isolados e cheios de pega,1.0,0.0
Esses negros s√£o mt cheios e cheios de podre,1.0,0.0
Mulheres s√£o mt chatas e sempre reclamam do que n√£o √©,1.0,0.0
"Esses caras do sul s√£o mt arrogantes, sempre achando que s√£o melhores",1.0,0.0
Voc√™s da outra gera√ß√£o s√£o mt preconceituosos e nem sabem o que √© respeito,1.0,0.0
"Esses homens s√£o mt cheios de vaidade, nem sabem o que √© humildade",1.0,0.0
"Mulheres s√£o mt complicadas, sempre controlam a situa√ß√£o",1.0,0.0
"Esses caras do mercado s√£o mt fdp, sempre aumentando o pre√ßo",1.0,0.0
"Esses homens s√£o mt chatos, nem sabem se divertir",1.0,0.0
Voc√™s da periferia s√£o mt relaxantes e cheios de pega,1.0,0.0
Esses negros s√£o mt pregui√ßosos e cheios de podre,1.0,0.0
Mulheres s√£o mt chatas e sempre reclamam do que n√£o √©,1.0,0.0
"Esses caras da nossa gera√ß√£o s√£o mt burros, n√£o entendem nada",1.0,0.0
Voc√™s da outra gera√ß√£o s√£o mt preconceituosos e nem sabem o que √© respeito,1.0,0.0
"Esses homens s√£o mt cheios de vaidade, nem sabem o que √© humildade",1.0,0.0
"Mulheres s√£o mt complicados, sempre querem controlar a situa√ß√£o",1.0,0.0
"Esses caras do mercado s√£o mt fdp, sempre aumentando o pre√ßo",1.0,0.0
"Esses homens s√£o mt chatos, nem sabem se divertir",1.0,0.0
Voc√™s da periferia s√£o mt relaxantes e cheios de pega,1.0,0.0
Neguin s√£o mt descobertos e cheios de podridao,1.0,0.0
Putas s√£o mt chatas e sempre reclamam do que n√£o √©,1.0,0.0
"A nova gera√ß√£o so tem retardado, tem o cerebro cheio de amoeba",1.0,0.0
Voc√™s da outra gera√ß√£o s√£o mt preconceituosos e nem sabem o que √© respeito,1.0,0.0
"Agora homens s√£o todos cheios de vaidade, nem sabem o que √© humildade, tudo mulherzinha",1.0,0.0
"Mulheres s√£o mt complicadas, sempre querem controlar a situa√ß√£o",1.0,0.0
"Esses homens do mercado s√£o mt fdp, sempre aumentando o pre√ßo",1.0,0.0
"Macho √© uma ra√ßa mt chata, nem sabem se divertir",1.0,0.0
Voc√™s da periferia s√£o mt confort√°veis ‚Äã‚Äãe cheios de pega,1.0,0.0
os negros s√£o mt pregui√ßosos e cheios de podre,1.0,0.0
Mulheres s√£o mt chatas e sempre reclamam do que n√£o √©,1.0,0.0
"nossa gera√ß√£o so tem cara burro puta que pariu, n√£o entendem nada",1.0,0.0
"Mulheres s√£o mt chatas e sempre acham que controlam tudo, mas na real elas s√£o s√≥ complicam",,
"Esses caras do sul s√£o mt arrogantes, sempre achando que s√£o melhores que os outros",,
"Negros s√£o mt esperados, n√£o tem jeito, s√≥ sabem ser esperados e cheios de pega",,
"Essas pessoas do interior s√£o mt ignorantes, nem sabem o que √© educa√ß√£o",,
"Mulheres s√£o mt complicadas, sempre querem mandar na vida e n√£o respeitam ningu√©m",,
Esses caras da periferia s√≥ sabem fazer merda e n√£o saber se arrepender,,
"Esses homens s√£o mt cheios de ego, nem sabem o que √© humildade",,
"Mulheres s√£o mt chatas, sempre reclamando e nem sabem o que √© calma",,
"Esses caras do sul s√£o mt arrogantes, sempre acham que s√£o os melhores",,
"Essas pessoas s√£o mt preconceituosas, nem sabem o que √© respeito",,
"Mulheres s√£o muito complicadas, sempre querem e nem sabem o que √© igualdade",,
"Esses negros s√£o mt cheios de v√≠cios, s√≥ sabem ser pregui√ßosos e fdp",,
"Negros s√£o mt burros, nem sabem o que √© senso comum",,
"Esses caras do sul s√£o mt arrogantes, sempre achando que s√£o os melhores",,
"Mulheres s√£o mt chatas, sempre reclamando do que n√£o √©",,
"Esses caras do mercado s√£o mt fdp, n√£o sabem o que √© respeito",,
"Negros s√£o mt pregui√ßosos, s√≥ sabem se esconder e n√£o fazer nada",,
"Essas pessoas s√£o mt ignorantes, nem sabem o que √© cultura",,
"Mulheres s√£o mt complicadas, sempre querem mandar na vida e nem sabem o que √© respeito",,
"Esses caras da nossa gera√ß√£o s√£o mt burros, n√£o entendem nada",,
"Negros s√£o mt cheios de v√≠cios, s√≥ sabem ser pregui√ßosos e fdp",,
"Essas pessoas s√£o mt preconceituosas, nem sabem o que √© igualdade",,
"Mulheres s√£o mt chatas, sempre reclamam do que n√£o √© e nem sabem o que √© calma",,
"Esses caras do sul s√£o mt arrogantes, sempre acham que s√£o os melhores",,
"Negros s√£o mt ansiosos, nem sabem o que √© senso comum",,
"Essas pessoas s√£o mt ignorantes, n√£o t√™m jeito, s√≥ sabem reclama√ß√£o",,
"Mulheres s√£o mt complicadas, sempre querem controlar e nem sabem o que √© liberdade",,
"Esses caras do interior s√£o mt orgulhosos, nem sabem o que √© trabalho",,
"Negros s√£o mt cheios de v√≠cios, s√≥ sabem ser pregui√ßosos e fdp",,
"Essas pessoas s√£o mt preconceituosas, nem sabem o que √© respeito",,
"Mulheres s√£o mt chatas,sempre reclamam e nem sabem o que √© calma",,
"Esses caras do sul s√£o mt arrogantes, sempre acham que s√£o os melhores",,
"Negros s√£o mt burros, nem sabem o que √© senso comum",,
"Essas pessoas s√£o mt preconceituosas, n√£o t√™m jeito, s√≥ complicam",,
"Mulheres s√£o mt chatas, sempre querem mandar e nem sabem o que √© respeito",,
"Essas caras do mercado s√£o mt fdp, n√£o sabem o que √© justi√ßa",,
"Negros s√£o mt pregui√ßosos, nem sabem o que √© educa√ß√£o",,
"Essas pessoas s√£o mt ignorantes, nem sabem o que √© cultura",,
"Mulheres s√£o mt complicadas, sempre querem controlar e nem sabem o que √© igualdade",,
"Essas caras do sul s√£o mt arrogantes, nem sabem o que √© humildade",,
"Negros s√£o mt cheios de v√≠cios, s√≥ sabem se esconder e fdp",,
"Essas pessoas s√£o mt preconceituosas, nem sabem o que √© respeito",,
"Mulheres s√£o mt chatas, sempre reclamam e nem sabem o que √© calma",,
"Essas pessoas do interior s√£o mt expressas, nem sabem o que √© trabalho",,
"Negros s√£o mt burros, nem sabem o que √© senso comum",,
"Essas pessoas s√£o mt ignorantes, n√£o t√™m jeito, s√≥ complicam",,
"Mulheres s√£o mt chatas, sempre querem mandar e nem sabem o que √© igualdade",,
"Esses caras do sul s√£o mt arrogantes, nem sabem o que √© humildade",,
"Negros s√£o mt preconceituosos, s√≥ sabem se esconder e passar vergonha",,
"Essas pessoas s√£o mt preconceituosas, nem sabem o que √© respeito",,
"Mulheres s√£o mt complicadas, sempre querem controlar e nem sabem o que √© liberdade",,
"Esses caras do mercado s√£o mt fdp, nem sabem o que √© justi√ßa",,
"Negros s√£o mt cheios de v√≠cios, s√≥ sabem ser pregui√ßosos e fdp",,
"Essas pessoas s√£o mt ignorantes, n√£o t√™m jeito, s√≥ complicam",,
"Mulheres s√£o mt chatas, sempre reclamam do que n√£o √© e nem sabem o que √© calma",,
"Esses caras do sul s√£o mt arrogantes, nem sabem o que √© humildade",,
"Negros s√£o mt burros, nem sabem o que √© senso comum",,
"Essas pessoas s√£o mt preconceituosas, nem sabem o que √© humildade respeito""",,
"Mulheres s√£o mt chatas e sempre reclamam do que n√£o √©, mas na real elas s√≥ complicam",,
"Esses caras do interior s√£o mt pregui√ßosos, nem sabem o que √© trabalho",,
"Mulheres s√£o mt chatas e sem vergonha, sempre querem dominar e nem sabem o que √© respeito",1.0,0.0
"Voc√™s dos caras de l√° mt ignorantes, nem sabem s√£o o que √© senso comum",1.0,0.0
"Esses homof√≥bicos s√£o mt preconceitos, nem ligam um caralho pra diversidade",1.0,0.0
"Brasil √© mt ruim, povo √© mt ignorante e cheio de preconceito",1.0,0.0
"Esses gays s√£o mt exagerados, nem sabem o que √© respeito e nem se respeitam",1.0,0.0
"Mulheres s√£o mt complicadas, sempre querem mandar na vida e nem respeitam ningu√©m",1.0,0.0
"Esses caras do sul s√£o mt arrogantes, sempre acham que s√£o melhores que o resto",1.0,0.0
"Voc√™s s√£o mt preconceituosos, nem sabem o que √© respeito",1.0,0.0
"Esses homof√≥bicos s√£o mt burros, nem entendem o que √© igualdade",1.0,0.0
"Mulheres s√£o mt chatas, sempre reclamam e nem sabem o que √© calma",1.0,0.0
"Esses caras do interior s√£o mt intrigantes, nem sabem o que √© trabalho",1.0,0.0
"Esses trans s√£o mt exagerados, nem sabem o que √© respeito e nem se respeitam",1.0,0.0
"Brasil √© mt triste, povo √© mt ignorante e cheio de burrice",1.0,0.0
"Esses caras do sul s√£o mt arrogantes, nem sabem o que √© humildade",1.0,0.0
"Voc√™s s√£o mt preconceituosos, nem ligam pra diversidade",1.0,0.0
"Esses caras do mercado s√£o mt fdp, sempre aumentam o pre√ßo e nem sabem o que √© justi√ßa",1.0,0.0
"Mulheres s√£o mt complicadas, nem sabem o que √© senso comum",1.0,0.0
"Esses gays s√£o mt exagerados, nem sabem o que √© respeito",1.0,0.0
"Brasil √© mt triste, povo √© mt ignorante e cheio de preconceito",1.0,0.0
"Esses caras do sul s√£o mt arrogantes, nem sabem o que √© humildade",1.0,0.0
"Voc√™s s√£o mt preconceituosos, nem ligam pra diversidade",1.0,0.0
"Esses caras do mercado s√£o mt fdp, sempre aumentam o pre√ßo e nem sabem o que √© justi√ßa",1.0,0.0
"Mulheres s√£o mt chatas, nem sabem o que √© calma e nem relativamentem ningu√©m",1.0,0.0
"Esses caras do sul s√£o mt arrogantes, nem sabem o que √© humildade",1.0,0.0
"Voc√™s s√£o humildade mt preconceituosos, nem ligam pra diversidade",1.0,0.0
"Esses caras do mercado s√£o mt fdp, sempre aumentam o pre√ßo e nem sabem o que √© justi√ßa",1.0,0.0
"Mulheres s√£o mt complicadas, nem sabem o que √© senso comum",1.0,0.0
"Esses caras do sul s√£o mt arrogantes, nem sabem o que √© humildade",1.0,0.0
"Voc√™s s√£o mt preconceituosos, nem ligam pra diversidade",1.0,0.0
"Esses caras do mercado s√£o mt fdp,sempre aumente o pre√ßo e nem saiba o que √© justi√ßa",1.0,0.0
"Mulheres s√£o mt chatas, nem saiba o que √© calma e nem respeitam ningu√©m",1.0,0.0
"Esses caras do sul s√£o mt arrogantes, nem sabem o que √© humildade",1.0,0.0
"Voc√™s s√£o mt preconceituosos, nem ligam pra diversidade",1.0,0.0
"Esses caras do mercado s√£o mt fdp, sempre aumentam o pre√ßo e nem sabem o que √© justi√ßa",1.0,0.0
"Mulheres s√£o mt complicadas, nem sabem o que √© senso comum",1.0,0.0
"Esses caras do sul s√£o mt arrogantes, nem sabem o que √© humildade",1.0,0.0
"Voc√™s s√£o mt preconceituosos, nem ligam pra diversidade",1.0,0.0
"Esses caras do mercado s√£o mt fdp, sempre aumentam o pre√ßo e nem sabem o que √© justi√ßa",1.0,0.0
"Mulheres s√£o mt chatas, nem sabem o que √© calma e nem respeitam ningu√©m",1.0,0.0
"Esses caras do sul s√£o mt arrogantes, nem sabem o que √© humildade",1.0,0.0
"Voc√™s s√£o mt preconceituosos, nem ligam pra diversidade",1.0,0.0
"Esses caras do mercado s√£o mt fdp, sempre aumentam o pre√ßo e nem sabem o que √© justi√ßa",1.0,0.0
"Mulheres s√£o mt complicados, nem sabem o que √© senso comum",1.0,0.0
"Esses caras do sul s√£o mt arrogantes, nem sabem o que √© humildade",1.0,0.0
"Voc√™s s√£o mt preconceituosos, nem ligam pra diversidade",1.0,0.0
"Esses caras do mercado s√£o mt fdp, sempre aumentam o pre√ßo e nem sabem o que √© justi√ßa",1.0,0.0
"Mulheres s√£o mt chatas, nem sabem o que √© calma e nemm ningu√©m",1.0,0.0
"Esses caras do sul s√£o mt arrogantes, nem sabem o que √© humildade",1.0,0.0
"Voc√™s s√£o mt preconceituosos, nem ligam pra diversidade",1.0,0.0
"Esses caras do mercado s√£o mt fdp, sempre aumentam o pre√ßo e nem sabem o que √© justi√ßa",1.0,0.0
"Mulheres s√£o mt complicadas, nem sabem o que √© senso comum",1.0,0.0
"Esses caras do sul s√£o mt arrogantes, nem sabem o que √© humildade",1.0,0.0
"Voc√™s s√£o mt preconceituosos, nem ligam pra diversidade",1.0,0.0
"Esses caras do mercado s√£o mt fdp, sempre aumentam o pre√ßo e nem sabem o que √© justi√ßa",1.0,0.0
"Mulheres s√£o mt chatas, nem sabem o que √© calma e nem respeitam ningu√©m",1.0,0.0
"Esses caras do sul s√£o mt arrogantes, nem sabem o que √© humildade",1.0,0.0
"Voc√™s s√£o mt preconceituosos, nem ligam pra diversidade",1.0,0.0
"Todo negro √© mt desonesto, sempre roubando e n√£o pagando",1.0,0.0
"Esses brancos s√£o mt arrogantes, acha que s√£o melhores que todos",1.0,0.0
At√© quando vamos ter que aturar esses gays?,1.0,0.0
"Adoro como as mulheres sempre estragam tudo, kkkkk",1.0,0.0
"Todo pobre √© mt burro, n√£o entende nada de economia",1.0,0.0
"Esses estrangeiros s√£o mt perigosos, üò§ n√£o tem nenhuma cultura",1.0,0.0
"Todo gordo √© comil√£o, n√£o tem jeito pra mudar",1.0,0.0
"Esses gays s√£o mt exagerados, nem sabem o que √© modera√ß√£o",1.0,0.0
"Por que os mulatos sempre s√£o os mesmos, ta mt repetitivo",1.0,0.0
"Todo homem √© mt preconceituoso, nem sequer v√™ o que √© justo",1.0,0.0
"Esses homos s√£o mt chatos, nem sabem o que √© respeito",1.0,0.0
"Todo branco √© mt mesquinho, quer controlar tudo",1.0,0.0
"Essas mulatas s√£o mt chatas, sempre com a mesma atitude",1.0,0.0
"Todo negro √© mt desonesto, n√£o tem vergonha de mentir pra todo mundo",1.0,0.0
"Esses homos s√£o mt exagerados, at√© pra se apresentar",1.0,0.0
"Porra, essas mulheres s√£o mt inseguras, sempre precisam de valida√ß√£o",1.0,0.0
"Todo estrangeiro √© mt perigoso, n√£o tem nenhuma cultura",1.0,0.0
"Esses gays s√£o mt chatos, nem sabem o que √© modera√ß√£o",1.0,0.0
"Todo branco √© mt arrogante, acha que √© melhor que todos",1.0,0.0
"Esses negros s√£o mt previs√≠veis, sempre com a mesma cara",1.0,0.0
"Por que os brancos sempre s√£o os mesmos, t√° mt repetitivo",1.0,0.0
"Todo gordo √© mt comil√£o, n√£o tem jeito pra mudar",1.0,0.0
"Esses estrangeiros s√£o mt nojentos, n√£o tem nenhuma educa√ß√£o",1.0,0.0
"Todo mulato √© mt desonesto, sempre roubando e n√£o pagando",1.0,0.0
"Essas mulatas s√£o mt chatas, nem sabem o que √© respeito",1.0,0.0
"Todo negro √© mt previs√≠vel, sempre com a mesma atitude",1.0,0.0
"Esses homos s√£o mt exagerados, nem sabem o que √© modera√ß√£o",1.0,0.0
"Todo branco √© mt arrogante, pensa que √© melhor que todo mundo",1.0,0.0
"Esses gays s√£o mt chatos, nem sabem o que √© respeito",1.0,0.0
"Por que os negros sempre s√£o os mesmos, t√° mt repetitivo",1.0,0.0
"Todo pobre √© mt desonesto, n√£o tem nenhuma vergonha",1.0,0.0
"Essas mulheres s√£o mt chatas, sempre reclamando e n√£o fazendo nada",1.0,0.0
"Todo estrangeiro √© mt perigoso, n√£o tem nenhuma cultura",1.0,0.0
"Esses negros s√£o mt desonestos, sempre roubando e n√£o pagando",1.0,0.0
"Porra, os brancos s√£o mt arrogantes, nem sabem o que √© humildade",1.0,0.0
"Todo gordo √© mt comil√£o, n√£o tem jeito pra mudar",1.0,0.0
"Esses gays s√£o mt exagerados, nem sabem o que √© modera√ß√£o",1.0,0.0
"Todo mulato √© mt desonesto, n√£o tem nenhuma vergonha",1.0,0.0
"Essas mulatas s√£o mt chatas, nem sabem o que √© respeito",1.0,0.0
"Por que os negros sempre s√£o os mesmos, t√° mt repetitivo",1.0,0.0
"Todo branco √© mt mesquinho, quer controlar tudo",1.0,0.0
"Esses estrangeiros s√£o mt nojentos, n√£o tem nenhuma educa√ß√£o",1.0,0.0
"Todo pobre √© mt desonesto, n√£o tem vergonha de mentir",1.0,0.0
"Essas mulheres s√£o mt chatas, sempre reclamando",1.0,0.0
"Porra, os gays s√£o mt exagerados, nem sabem o que √© modera√ß√£o",1.0,0.0
"Todo negro √© mt perigoso, sempre causando confus√£o",1.0,0.0
"Esses homos s√£o mt chatos, nem sabem o que √© respeito",1.0,0.0
"Todo branco √© mt arrogante, pensa que √© melhor que todo mundo",1.0,0.0
"Esses negros s√£o mt desonestos, sempre roubando e n√£o pagando",1.0,0.0
"Por que os mulatos sempre s√£o os mesmos, t√° mt repetitivo",1.0,0.0
"Todo estrangeiro √© mt perigoso, n√£o tem nenhuma cultura",1.0,0.0
"Essas mulatas s√£o mt chatas, nem sabem o que √© modera√ß√£o",1.0,0.0
"Todo gordo √© mt comil√£o, n√£o tem jeito pra mudar",1.0,0.0
"Esses gays s√£o mt exagerados, nem sabem o que √© modera√ß√£o",1.0,0.0
"Por que os brancos sempre s√£o os mesmos, t√° mt repetitivo",1.0,0.0
"Todo pobre √© mt desonesto, nunca tem vergonha de mentir",1.0,0.0
"Essas mulheres s√£o mt chatas, sempre reclamando e n√£o fazendo nada",1.0,0.0
"Todo negro √© mt perigoso, sempre causando problema",1.0,0.0
"Esses homos s√£o mt exagerados, nem sabem o que √© modera√ß√£o",1.0,0.0
"Porra, os brancos s√£o mt arrogantes, nem sabem o que √© humildade",1.0,0.0
"Todo mulato √© mt desonesto, sempre roubando e n√£o pagando",1.0,0.0
"Essas mulatas s√£o mt chatas, nem sabem o que √© respeito",1.0,0.0
"Todo estrangeiro √© mt perigoso, n√£o tem nenhuma cultura",1.0,0.0
"Esses negros s√£o mt desonestos, sempre com a mesma atitude",1.0,0.0
"Por que os gays sempre s√£o os mesmos, t√° mt repetitivo",1.0,0.0
"Todo branco √© mt mesquinho, quer controlar tudo",1.0,0.0
"Essas mulheres s√£o mt chatas, nem sabem o que √© modera√ß√£o",1.0,0.0
"Esses nordestinos s√≥ sabem fazer bagun√ßa, nunca aprendem nada.",1.0,0.0
"Os argentinos s√£o todos vagabundos, s√≥ pensam em roubar.",1.0,0.0
"Homens s√£o todos idiotas, n√£o sabem fazer nada direito.",1.0,0.0
"Esses brasileiros s√£o uns incompetentes, n√£o conseguem organizar nada.",1.0,0.0
"As mulheres s√£o todas dram√°ticas, s√≥ sabem chorar e reclamar.",1.0,0.0
"Os gordos s√£o todos pregui√ßosos, s√≥ querem comer e dormir.",1.0,0.0
"Esses gays s√£o todos afeminados, n√£o t√™m vergonha na cara.",1.0,0.0
"Os nordestinos s√£o todos analfabetos, n√£o sabem nem falar direito.",1.0,0.0
"As mulheres s√£o todas interesseiras, s√≥ querem dinheiro e status.",1.0,0.0
"Os argentinos s√£o todos mentirosos, n√£o d√° pra confiar neles.",1.0,0.0
"Esses brasileiros s√£o todos corruptos, s√≥ pensam em roubar.",1.0,0.0
"Os homens s√£o todos machistas, acham que mandam em tudo.",1.0,0.0
"As mulheres s√£o todas ciumentas, s√≥ sabem fazer cena.",1.0,0.0
"Os gordos s√£o todos nojentos, n√£o t√™m controle nenhum.",1.0,0.0
"Esses gays s√£o todos prom√≠scuos, s√≥ pensam em sexo.",1.0,0.0
"Os nordestinos s√£o todos atrasados, vivem no passado.",1.0,0.0
"As mulheres s√£o todas manipuladoras, sabem como enganar qualquer um.",1.0,0.0
"Os argentinos s√£o todos desorganizados, n√£o conseguem fazer nada direito.",1.0,0.0
"Esses brasileiros s√£o todos desonestos, s√≥ querem enganar os outros.",1.0,0.0
"Os homens s√£o todos egoc√™ntricos, s√≥ pensam em si mesmos.",1.0,0.0
"As mulheres s√£o todas falsas, n√£o t√™m nenhuma sinceridade.",1.0,0.0
"Os gordos s√£o todos desleixados, n√£o se cuidam.",1.0,0.0
"Esses gays s√£o todos exibicionistas, s√≥ querem chamar aten√ß√£o.",1.0,0.0
"Os nordestinos s√£o todos ignorantes, n√£o sabem nada.",1.0,0.0
"As mulheres s√£o todas hist√©ricas, n√£o conseguem controlar os nervos.",1.0,0.0
"Os argentinos s√£o todos covardes, n√£o t√™m coragem de nada.",1.0,0.0
"Esses brasileiros s√£o todos pregui√ßosos, s√≥ querem facilidades.",1.0,0.0
"Os homens s√£o todos violentos, s√≥ sabem resolver tudo na porrada.",1.0,0.0
"As mulheres s√£o todas inseguras, vivem comparando-se com as outras.",1.0,0.0
"Os gordos s√£o todos avarentos, s√≥ pensam em economizar.",1.0,0.0
"Esses gays s√£o todos dram√°ticos, exageram em tudo.",1.0,0.0
"Os nordestinos s√£o todos desconfiados, acham que todo mundo quer engan√°-los.",1.0,0.0
"As mulheres s√£o todas viciadas em compras, gastam dinheiro sem pensar.",1.0,0.0
"Os argentinos s√£o todos teimosos, n√£o aceitam conselhos.",1.0,0.0
"Esses brasileiros s√£o todos desmotivados, n√£o t√™m vontade de nada.",1.0,0.0
"Os homens s√£o todos competitivos, s√≥ pensam em vencer.",1.0,0.0
"As mulheres s√£o todas invejosas, n√£o suportam o sucesso alheio.",1.0,0.0
"Os gordos s√£o todos solit√°rios, n√£o gostam de sair de casa.",1.0,0.0
"Esses gays s√£o todos sens√≠veis, choram por qualquer coisa.",1.0,0.0
"Os nordestinos s√£o todos supersticiosos, acreditam em tudo.",1.0,0.0
"As mulheres s√£o todas vaidosas, s√≥ pensam em apar√™ncia.",1.0,0.0
"Os argentinos s√£o todos individualistas, n√£o pensam no coletivo.",1.0,0.0
"Esses brasileiros s√£o todos conformistas, aceitam tudo.",1.0,0.0
"Os homens s√£o todos controladores, querem mandar em tudo.",1.0,0.0
"As mulheres s√£o todas inconstantes, mudam de opini√£o o tempo todo.",1.0,0.0
"Os gordos s√£o todos comil√µes, n√£o sabem parar de comer.",1.0,0.0
"Esses gays s√£o todos teatrais, fazem de tudo para chamar aten√ß√£o.",1.0,0.0
"Os nordestinos s√£o todos desconfiados, acham que todo mundo quer engan√°-los.",1.0,0.0
"As mulheres s√£o todas inseguras, vivem comparando-se com as outras.",1.0,0.0
"Os argentinos s√£o todos teimosos, n√£o aceitam conselhos.",1.0,0.0
"Esses brasileiros s√£o todos desmotivados, n√£o t√™m vontade de nada.",1.0,0.0
